COD_AUDITOR,OFICINA,NOMBRE_AUDITOR
R29407,910,Fausto Múgica-Camps
33466,910,Victor Prats-Menéndez
29100,910,Che Vergara Pérez
34161,910,Yolanda Barreda
R00004,910,Jeremías Severiano Cantero Álvarez
33900,910,Benigna María Manuela Tirado Páez
149,901,Omar del Gisbert
2299,901,Vilma Román-Almeida
29667,901,Prudencio Pinto Suárez
33663,901,Ainara de Vargas
c_heras,SGS,Marianela Toledo Cantón
MAIDER_L,SGS,Fabián Gutiérrez Garriga
M_CASTANO,SGS,Dani de Pont
jesus_cano,SGS,Macario Araujo-Céspedes
S_GARCIAHU,SGS,Encarnacion del Adadia
ALMU_REYES,SGS,Mar Gonzalo Palmer
C_MBRITO,SGS,Julia Griselda Diéguez Valbuena
J_ZUBIAUR,SGS,Eutimio Garmendia Rosa
d_vega,SGS,María Manuela Nicolau Benítez
30948,917,Bartolomé del Benitez
33427,917,Alex Landa Ochoa
29384,917,Carmina Cruz Llopis
30811,917,Fermín Jeremías Priego Gelabert
32002,917,Eva Jara Olivé
31924,917,Guillermo Mercader Vera
32099,917,Pascuala Judith Sebastián Chamorro
29665,917,Joaquín Trillo
31838,917,Elodia Méndez Guardiola
2643,917,Juan Antonio Garcés Estévez
33510,917,Rebeca Montenegro Guijarro
34095,917,Darío Clavero Herrero
2946,917,Dora Corominas Cuéllar
29710,917,Elena del Gisbert
2730,917,Bernarda Álamo-Miguel
29902,917,Benito Castilla Bárcena
34070,917,Ani Álamo
33991,917,Amando Merino Pinto
32902,917,Raimundo Guardia-Luna
31433,917,Odalys Pagès Domingo
33853,917,José Manuel Izaguirre Girona
31644,917,Manuelita de Monreal
2940,917,Montserrat Acero Angulo
31285,917,Lorena Zabala Ariño
34171,917,Nereida Garrido Prada
34000,917,Reyna Bernal Carbajo
33811,917,Nicodemo Cerezo Olmedo
33625,917,Loreto Arce Mir
34019,917,Eliana Sanmiguel Cabañas
33394,922,Luisa López Dueñas
33873,922,Prudencio Font Collado
34172,922,Eva Valdés Rubio
33481,922,Ileana Nilda Abella Benet
31882,922,Berto Cabanillas Belmonte
33125,922,Paulina Moliner Alberdi
34170,922,Óscar Canales-Iñiguez
33373,922,Chus Salas Suarez
33033,922,Herminia Isa Vergara Feijoo
34081,922,Miguela Benítez
34083,922,Daniel Isidro Cabanillas Cabanillas
29369,922,Susana de Pascual
32018,922,María Ángeles Fuertes Quevedo
33196,922,Hortensia Giménez Cortes
31982,922,Leocadio Puerta Larrañaga
34037,922,Álvaro del Fonseca
2767,922,Horacio Lamas Giralt
2785,922,Julián Vega Bejarano
33525,922,Ramiro Olmedo Angulo
34064,922,Gil Planas Martinez
30790,922,Matilde Luna Mena
34146,922,Águeda Bayona Bartolomé
33127,922,Joel Santana Quero
33949,922,Ramona Beltran Barrena
31021,922,Martín Becerra Castrillo
29317,922,Brunilda Catalá Castilla
34001,922,Charo Losada Herrero
33626,922,Saturnina Angulo Losada
34,917,Nilo Tejedor López
33625,922,Leonardo del Gual
33916,922,Jordi de Porcel
34,922,Nidia Ortiz Nebot
2715,908,Antonio Álvarez Casanova
33904,905,Ceferino Viñas
33560,905,Florina Hidalgo
34116,908,Graciela Adadia Carrasco
31174,908,Rubén Curro Abella Mora
2717,908,Yolanda del Farré
30841,908,Bartolomé Valverde Armengol
2742,908,Cebrián Becerra Coronado
R00141,905,Elpidio Matas Falcón
333,905,Pili Castell Oliver
33467,905,Morena Sureda Gimeno
32347,905,Belen Otero Murillo
r02743,908,Eric Quero-Maestre
32822,908,Isa Tomé Llano
34105,905,María Teresa de Arregui
33568,905,Emigdio Alvarado Montserrat
r02746,908,Vasco de Valdés
33590,908,José Ángel Salazar Miguel
33987,905,Cintia Ocaña Crespi
33575,905,Carmelo del Méndez
34025,905,Javi Florentino Bru Quero
R01140,905,Victor Ávila Agustín
33598,905,Eduardo Jáuregui Borrell
32200,905,Eliseo Prieto Antón
2522,905,Isabela Rico Mesa
32341,905,Hernán Cuervo-Vicens
33554,908,Adolfo Morante
33564,905,Carlos Grau Corral
34047,905,Elena Carpio Feliu
30046,905,Andrés Felipe Abellán Carrillo
r02742,908,Luciana Mancebo Martin
R32143,905,Fortunato Azcona-Vallés
31879,905,Jose Ignacio Beltrán Carrasco
29880,905,Cecilia de Casares
33949,908,Elvira del Espinosa
33555,905,Ema Campo Beltran
33842,908,Basilio Milla-Martí
32369,919,Nerea Sebastián-Amador
32777,919,Tere Calatayud Coello
33415,919,Aránzazu Páez
33940,919,Fernanda Cuevas-Galván
32368,919,Máxima Franch
31497,919,Nicodemo Amaya Robledo
32606,919,Concha Coral Bejarano Sanmiguel
32497,919,Jose Antonio de Gárate
34073,921,Magdalena de Miranda
33379,921,José María Llorente Pinto
29590,921,Mauricio Santiago Sanchez Cantero
30888,921,Fabio Grau Contreras
33268,921,Efraín Miró Navas
34088,921,Sabina Sarabia Pulido
33460,921,Corona Purificación Villanueva Bermúdez
677,921,Felix Rosa Alcalá
33458,921,Olimpia Alfaro Puente
32571,901,Valerio Vara Pujadas
33794,901,Patricio de Bello
2474,901,Cecilio Lluch Alegre
33386,901,Imelda María Luisa Palma Cardona
29116,901,Augusto Venceslás Guerrero Salas
30895,901,Haroldo Escrivá
29343,901,Nuria Uría Osorio
31082,901,Nacio Vázquez Rubio
32664,901,Marcos Hierro Cano
157,901,Ligia Casanova Iglesias
31678,901,Maximiano del Villar
34068,901,Angelino Pagès Jódar
32136,901,Crescencia Godoy Sanmartín
33133,901,Olegario Josep Larrea Batalla
31144,901,Consuela Tomas Milla
901_02707,901,Natalia Calatayud Barrera
32844,901,Jesús Hierro Martí
30195,901,Jorge Granados
32621,901,Salud Soler Ayuso
33981,901,Serafina Fabregat Menéndez
29724,901,Telmo José Antonio Bertrán Lluch
30008,901,Águeda Borja Aragonés
30986,901,Jesusa Camacho
34067,901,Zaida Ricarda Ferrera Vives
31085,901,Aurelio Nuñez Samper
31708,901,Leyre del Guerrero
29664,901,Roberto del Lladó
32826,901,Aureliano Otero
33808,901,Andrés de Mínguez
30549,901,Amílcar Cámara Lozano
33996,901,Valero Borrell
31707,901,Jonatan Clavero Piñeiro
33383,901,Isaac Montero-Garzón
33024,901,Ileana Mayol Fajardo
R29502,901,Iris Ofelia Carnero Pablo
34063,901,Pastora Ortiz Priego
32866,901,Epifanio Francisco Oliver
30550,901,Cornelio Pérez Juliá
R29530,901,Rafaela Ballesteros Carrión
31403,901,Saturnina de Montserrat
31378,901,Fabiola Tejedor Vilar
32708,901,Aurelia del Padilla
31808,901,Geraldo Vallés Gómez
294,901,Juliana Narváez Montalbán
34061,901,Enrique Casas Olivé
31084,901,Amor Godoy Salvà
29773,901,Rosa Peral Barberá
29501,901,Filomena Salvà Sarmiento
901_02357,901,Mayte de Cózar
R29994,901,Zaira Chita Bravo Ferrándiz
31366,901,Ciriaco Pol Morell
R34043,901,Anselma Fabregat
32942,901,Raúl Corominas Estévez
31846,901,Virginia del Ayllón
30260,901,Dominga Hernando Giralt
31780,901,Sonia del Bayón
33953,901,Susanita Acero Bou
32585,901,Aurelio Blazquez Montero
34049,901,Cándida Valera Corominas
34008,901,América Vázquez Manso
29175,901,Maximino Diaz-Tamayo
33954,901,Félix Fuster Castejón
2309,901,Severiano Urbano Valderrama Pla
30845,901,Adelina Valencia Castrillo
33485,901,Remigio Arellano
31414,901,Concepción Aguilera
33280,901,Esther Miguel Ferrández
29889,901,Rafa Jimenez Vendrell
34130,911,Zaira Planas Priego
33887,911,Susana Pou Anglada
32441,911,Quique de Viana
31098,911,Patricia del Pérez
34138,911,Yésica de Roldan
33270,911,Osvaldo Moreno Santos
2581,911,Rita Leocadia Alba Gracia
29801,911,Atilio Verdú Palma
2583,911,Vanesa Aguiló
34133,911,Telmo Fernández Marí
29253,910,Ismael Montes Lladó
31559,910,Evelia Balaguer
33902,910,Felicia Baquero Cerezo
34026,910,Luz Berrocal-Jover
33558,910,Cipriano Bolaños Diéguez
32939,910,Nico Valentín Guzman
30180,910,Adelia de Montesinos
10,910,Lorenza Goicoechea Serna
33108,910,Lupita Menéndez Quintana
29407,910,Agustina Rovira
33844,910,Yago Mas Dalmau
31121,910,Carlito Flores Rodriguez
R02902,910,Eusebio Carmelo Benítez Aliaga
30472,915,Pastora Quero Pina
66,915,Ambrosio Escamilla Boix
31768,915,Mireia de Romeu
33109,915,Teodora Padilla-Giner
33411,915,Teobaldo Bustos Ferrera
2472,915,Amílcar Carreño Gálvez
34028,901,Trinidad Sáenz Valderrama
30359,901,Eusebio Mateo Aznar
31056,901,Prudencia Tomé Vidal
30103,901,Edelmira Bernat-Gálvez
33943,901,Ovidio Amador Cuervo
33533,901,Teodosio Ferrer
98,905,Pío Sabas Quintana Piña
32102,905,Simón Barón Bolaños
33904,908,Celestino de Guzmán
29165,917,Glauco Mateu Vilar
32284,915,Dionisio Batalla Nevado
31336,915,Emiliano Eleuterio Adadia Torrecilla
2482,915,Bonifacio Suárez
33609,915,Calixta Quirós Tamarit
31848,915,Anselmo Valcárcel Alcalá
33400,915,Fito Salinas Bayona
33877,915,África Ponce Peñas
33658,915,Bernabé Sans-Garrido
30332,915,Joaquina Guillen-Río
31847,915,Narciso Pedrero Lluch
R00031,911,Evita Acedo Almansa
33448,915,Vito Moles Castro
33738,915,Íngrid del Azcona
R02031,911,Calista Lillo Molina
R01127,911,Candelaria Viñas-Guardia
73,915,Sergio Carreras-Palma
R00096,911,Octavia Falcó Arenas
33434,915,Segismundo Nevado-Flores
31094,915,Armando Campo Medina
32670,915,Arcelia Pascuala Gaya Arellano
2423,915,Margarita Portero Sosa
33630,915,Adriana Rico Llano
31806,911,Hipólito Avilés Pinedo
33470,911,Teodoro Arjona Cortina
2337,911,Custodio del Parejo
30409,911,Armando Díaz-Amor
30105,911,Norberto Martín Fortuny Tudela
33575,911,Maura Duarte Badía
33052,911,Adriana Bayo Pineda
31389,911,Olegario Nogueira Naranjo
2645,911,Ernesto Soria
31290,911,Eutimio Camacho Prats
31751,911,Leonardo Maximiliano Puerta Gutiérrez
31955,911,Victoria Sanz Velasco
32823,911,Erasmo Tejada Verdú
32916,911,Luis Ángel Valdés Abascal
29997,911,Nydia Iglesias-Talavera
31913,911,Ana Belén Barbero Villalba
29436,911,María Del Carmen Rocamora Gimeno
29109,911,Julieta Cano Elorza
33392,911,Eloísa Luz Aguilera
2468,911,Toribio Molins
33156,911,Herberto Perez Cazorla
33542,911,Anselma Benavente Garzón
33402,911,Ale Vasco Borrego Torralba
33748,911,Lola Aguado Morera
31328,911,Alejandro Puerta Bernat
34116,911,Isidoro Sans Alegre
32843,911,Ignacio de Pozuelo
32098,911,Cecilia Trujillo Ricart
33013,911,Demetrio Badía Riba
33642,911,Calista Verdejo Ugarte
31503,911,Valero Ricart Bartolomé
30779,911,Borja Hidalgo Laguna
33571,911,Maxi Escribano Bernat
29970,911,Irma del Merino
30532,911,Ernesto Guitart Hurtado
32364,911,Fausto de Calleja
29819,911,Tomás Cerdá Escudero
30386,911,Maribel del Acero
2498,911,Blas Clavero Arce
30502,911,Benita Ángel-Estevez
2359,911,Amor Amo Sabater
33058,911,Jose Antonio Amaya Murcia
33261,911,Olalla de Guzmán
33166,911,Celestina Badía Cánovas
2301,911,Nereida Marisela Llano Casals
32269,911,Humberto Arévalo
2485,911,Fidel Valls-Benavides
2273,911,Plinio Aparicio Zurita
R00028,911,Moisés Andres-Ruano
32542,911,Salud Ribes Larrañaga
2019,911,Cristian Vito Nuñez Marín
33234,911,Rufino Alcides Chaparro Galán
31936,911,Sandra Tejera Gordillo
33641,911,Candela Rosado Borrell
32247,911,Elisa Remedios Cózar Rivero
33422,911,Cristina Melania Gual Valle
R31755,911,Josefa Pellicer Chico
33006,915,Angelino Lledó Artigas
33611,915,Luciano Escudero Ibarra
33612,915,Eufemia Chico Hernandez
33005,915,Carmina Alegria Larrañaga
33201,915,Eva María Sala Llopis
32215,919,Macarena Pina Alfaro
R00013,911,Alba Carbajo Porras
34016,915,Gervasio Sedano Colom
r00063,915,Baltasar Gomez Aller
32458,915,Feliciano Millán Olivé
29494,910,Adrián del Bustos
34200,910,José Manuel Paz Nuñez
R01206,910,Toño Expósito Bermúdez
34173,910,Begoña Colomer Gual
33469,915,Amanda Caballero Morillo
29587,915,Clímaco Porta Bautista
642,911,Consuela Mariño-Guerrero
33241,911,Lourdes Navarro-Maldonado
30402,911,Florencio Recio Mora
33772,911,Lorenza Sedano-Mayol
34134,911,Armando Barco Escudero
32972,915,César Raimundo Salvà Portero
34024,917,Cirino Amor
34121,917,Simón Pavón Melero
33637,915,Gabino Vizcaíno
31413,919,Lupe Urrutia Mateu
31817,915,Heliodoro Espinosa
33638,915,Gerónimo Patricio Quirós Espada
33975,908,Luna Andrade
32923,908,Sara Lara Barrena Colom
33340,905,Chucho Rosario Bernat Núñez
33331,908,Benigno Gallardo-Polo
portugal,917,Manu Francisco Jose Buendía Solana
33964,922,Arcelia Tomas
30095,922,Marisa Ibarra-Ferrández
33238,917,Guadalupe Angelino Márquez Melero
34096,917,Joaquina Buendía Bernad
portugal,999,Fernando Sarmiento Pérez
1320,917,Loreto Vigil Iriarte
29559,915,Clara Gracia-Rico
32619,915,Benigno Franco
32519,915,Viviana Maza Bayo
32973,915,Anunciación Manuela Gual Acuña
48,915,Edu Portero Manzanares
1250,915,Vanesa Reig
32844,959,Ariel Checa Nicolau
30667,901,Pía Catalá Menendez
31009,901,Bibiana Peñalver Aguilar
30064,901,Cayetano Pavón Sastre
32417,901,Macarena Carrasco Tena
33505,901,Lupita Talavera Uribe
901_02707,959,Leticia Yaiza Mariño Pellicer
29168,901,Paula Gárate-Esparza
34052,901,Nieves Santana Alvarado
33381,901,Flora Gárate Lucas
34122,915,Lorenza Romero-Codina
31767,915,Sabas Navarro Agustín
33130,915,Ariadna Leal Martín
2422,915,Eligia Amores Galiano
34092,915,Amando Gimenez Pedrero
33677,915,Bernardino Miguel Ángel Mas Uribe
33728,915,Juan Luis Romeu
29526,915,Modesto Alemany Viñas
33838,915,Soraya Morcillo Manzano
30924,921,Yéssica Ordóñez Barceló
33171,911,Marcial Granados Maestre
31537,911,Soledad Gallardo Casado
32875,911,Vito Agustín Bauzà
31459,911,Juliana Soriano Pozuelo
2687,911,Malena Iglesia Heras
2321,911,Olivia Amor-Carbajo
29943,911,Adalberto Sáez Acero
33289,911,León Jenaro Amo Cantón
33227,911,Fabián Figueras Roldan
32595,911,Cosme Sanjuan Sola
30084,911,Leandra Calderon Gárate
32273,911,Felicidad Mulet Durán
32022,911,Delfina Barreda
32302,911,Trinidad Abascal-Hervás
33816,911,Nazaret Alvarado Cueto
30238,911,Melania Isabel Palomo Herrera
2470,915,Francisca de Mínguez
33464,915,Dora Miguela Angulo Comas
31266,915,Adelaida Mascaró-Pujol
34053,901,Paulino Cerdá-Cerezo
31651,901,Paloma Larrañaga Medina
29432,901,Cleto Sarabia González
29988,901,Fabián Manso Alvarez
32351,901,Gastón Duran
32716,901,María José Roldán Gras
33483,901,Duilio Ferreras-Salom
30045,901,Ester Pacífica Campoy Alcolea
29395,901,Amparo Abril Carrera
31519,922,Piedad del Alemán
2454,915,Hortensia Pablo Garriga
33472,922,Claudio Mario Cabo Falcón
29418,922,Germán Bello Verdejo
2871,922,Natanael de Martín
30178,922,Candelario de Pombo
29778,922,Ambrosio del Menendez
29307,922,Santos Jaume Marcos
2790,922,Heraclio del Andres
32993,905,Lorena Alcántara
33731,905,Virgilio Fernandez Jódar
32158,905,Joaquina Somoza Belmonte
32679,905,Severino de Llabrés
33589,908,Ester Comas Perelló
30309,905,Eugenio Velasco Borrego
32333,905,Felipa Verdú Aranda
31903,908,Carlito de Lledó
34168,908,Brígida Guzmán-Saura
31208,915,Leire Mulet Esparza
CT_FRANCE,911,Gabriela Font
portugal,911,Luis Miguel Batalla Polo
32876,911,Adriana Sáez Roldán
33319,911,Eulalia Vaquero Ibañez
33221,922,Heliodoro Cabrero Mínguez
32394,905,Marino Yáñez Osuna
33562,915,Anacleto Múgica Santiago
34123,917,Georgina Calderon
29747,917,Nicolasa Diez Quintanilla
33147,917,Ámbar Baeza-Planas
33550,917,Berta Gallego Haro
31613,917,Etelvina Girón Barrio
33330,917,Áurea Baquero Aroca
33567,917,Pancho Suárez Múgica
32473,911,Ariadna Estrada-Beltran
30118,911,Sigfrido Calisto Mesa Reyes
32657,911,Marcelino Chamorro
33014,911,Francisco Jose Cáceres Iglesias
32928,911,Georgina Blázquez León
29510,911,Miguel Ángel Moya Luís
112,911,Bibiana Tejada Toledo
2006,911,Alcides Somoza Redondo
32549,911,Clotilde Vallejo-Bartolomé
34002,911,Rodolfo Adán Egea
32179,901,Toribio del Seco
31912,911,Teófilo Nieto Conde
33322,911,Andrea de Ballester
3354,911,Mónica Casals
33749,911,Rocío Jerez
r02401,915,Lupe Torres Garzón
33917,915,Laura Vicenta Ferrera Solís
33412,915,María Fernanda Consuela Bautista Pacheco
33836,915,Santiago Salvador Chico
R02048,911,Abel Perales Pallarès
31972,905,Alfonso Joaquín Caballero Quirós
R00050,901,Eulalia Cantón Ferrera
R00156,911,Brígida Osuna Giménez
r02740,908,Mireia Mínguez Fonseca
32476,915,Anunciación Tomé Balaguer
30734,915,Patricio Real Ródenas
A00066,915,Hernando Blanes Chico
34013,915,Adora Aroca Yáñez
33765,915,Elisabet Felipa Guerra Alcalá
33627,915,Luis Miguel Bellido
30445,915,Anacleto Gonzalez Bertrán
29717,915,Edelmira Diego Belmonte
32663,915,Itziar Orozco Ochoa
1118,915,Sabina Arjona Uriarte
29706,901,Esther Villalobos-Iñiguez
32635,908,Abraham Mohamed Galvez Guardiola
R02042,911,Ligia Prieto Alcalá
33532,901,Susana Hernández Zorrilla
29462,901,Flavio de Palomar
33883,901,Gilberto Yáñez Mendez
30199,911,Ambrosio de Gras
524,911,Zoraida Heredia Amigó
R02401,915,Rodrigo Torralba Lerma
R00333,911,Damián Llobet Cáceres
32527,905,Ernesto José Toledo Ayuso
33277,911,Nilda Ríos
31877,911,Alba Roldán Ferrández
33818,922,Juan Bernad Castro
32361,919,Maribel Carbó Alfonso
30469,911,Rafael Folch Acedo
31320,911,Amanda Sobrino Blazquez
29920,911,Genoveva López
33225,911,Lola Rubio Echevarría
2571,911,Clemente Becerra
146,911,Bonifacio Muro Rius
32287,915,Vilma Lobato Ayuso
53,915,Venceslás Arcos Barriga
120,915,Coral Cueto Martorell
33841,915,Gervasio Alberdi Gascón
29579,915,Rosaura Gámez Arco
33636,911,Ruperto Torrijos
r32790,915,Alondra Sales Fuente
33846,910,Evangelina Pedrero Martin
33302,910,Marcial Adalberto Velasco Cordero
33413,910,Serafina Juárez Jerez
33361,910,Amarilis Coca Hidalgo
30987,901,Regina Navarrete Sanchez
33174,901,Mayte Berenguer Arcos
30579,901,Adrián Guillén Novoa
58,901,Ema Amigó Meléndez
127,901,Agustina Clara Manrique Pujadas
29381,908,María Manuela Díaz Márquez
2522,908,Aurelio Espada-Echevarría
33331,905,Renata Quero Iborra
33570,905,Narcisa Noelia Capdevila Gallo
r02747,908,Ruy Ramón Pelayo
R29462,901,Timoteo Reyes Español
34023,901,Remedios del Coca
r02741,908,Elodia Castrillo Coca
hsbrands,901,Miguela Cabello Gonzalo
33633,911,Mauricio Pla Bello
2483,911,Florina Carbajo-Domínguez
31223,910,Rocío Carranza Agustín
33997,901,Leoncio Vives Villalba
32205,901,Paloma Sarmiento
30369,901,Octavio Ibarra Antúnez
33218,901,Pascual Albert Ricart Valcárcel
29720,901,Alex Llamas Solana
34125,901,Maura Reguera Malo
33512,901,Emilia Calatayud Verdejo
32085,901,Tiburcio Villalonga Pujadas
31930,901,Selena Clemente Castilla
31157,911,Ezequiel Campo Olmedo
29847,901,Alexandra Bernad-Escolano
30617,901,Pascuala Novoa Mayoral
33951,901,Gabriel Acero
32406,901,Rufino José Mari Salom Río
61,915,Abraham Avilés-Suárez
33688,910,Ema Mancebo Ferrera
33561,910,Isidoro Morante Valderrama
f_barragan,SGS,Selena Serrano Vega
2790,911,Jenny Moliner Jaume
30870,911,Ágata Cortina Rivera
34129,911,Rosalina Torres Carreño
30122,911,Lara Cayetana Ballesteros Figuerola
34178,911,Chus Infante Manzanares
R00010,910,Ricardo Arribas Ros
29944,901,María Luisa Calatayud Sancho
31680,901,Carmen Merche Jódar Fuente
31058,901,Tomás Guillen
34010,901,Hernán Bejarano
31011,901,Gilberto Montserrat Yuste
34062,901,Jesusa Rocío Samper Roselló
33959,901,Aroa Ramis Seguí
R30579,901,Dora Suárez
R00127,901,Che Pons Miranda
83,911,Nidia Serafina Arroyo Sedano
29890,901,Luciana Campos Ramis
33511,901,Felipa Nogués
30217,901,Felisa Blasco Menéndez
29935,911,Pascual Ferrer Riba
32801,905,Cruz Lamas
32342,905,Tiburcio de Batlle
33330,911,Dulce Candela Tirado Camps
29844,911,Trinidad Redondo Cañellas
29998,911,Anselmo Ruiz Alcolea
TEST,911,Albert Riera Álvarez
30828,910,Heliodoro Salvà
29220,917,Fortunata Roman Ledesma
R02470,915,Eliana Araujo Barón
31674,917,Rosario Noriega Bermúdez
29418,917,Álvaro Ayllón Palmer
33373,917,Narciso Édgar Arellano Cortés
33125,917,Sergio Neira Figueroa
r02422,915,Albano Arrieta Toledo
33504,901,Salomón Ferrera Peñalver
credit,911,Claudio Azorin Benitez
34194,919,Natalio Roig
32709,919,Jordi Calderon Bustos
2724,921,Herminio Benavente
33624,959,Aránzazu Dalila Verdejo Ariño
31779,901,Natanael Landa-Román
33883,959,Claudia Gutiérrez Rico
33981,959,Encarnita Céspedes Manso
33228,911,Primitivo Buendía
34185,911,Juanita Bellido
33716,911,Néstor Martín Velázquez
33681,911,Íñigo Pagès Frías
33763,911,Toño Salinas
31298,911,Artemio Gervasio Rosales Alsina
R00050,911,Ruperta Aroca Flores
31473,917,Claudio Cortes Gilabert
33992,922,Gabino Carreño-Campo
33528,922,Íngrid Mateu-Casals
34197,919,Alberto Royo Botella
33893,917,Odalis Bravo Pacheco
33892,917,Nereida Barragán Bolaños
34235,917,Baudelio Murillo
33399,917,Chus Neira
34234,917,Aristides Monreal-Valcárcel
34231,917,Yésica Obdulia Izquierdo Madrigal
33809,917,Dorotea Mendez Montes
31136,921,Amancio Jara Serra
citi_lop,911,Julio Hernán Cano Flor
credimas,911,Belén Ana Mayol Fernandez
33710,910,Juan José Ramón Alemán
2902,910,Itziar Perla Cuenca Cabello
32114,910,Curro Otero Barranco
29527,910,Pascuala Collado-Palacios
33721,908,Jacinta Rosales Murcia
33719,908,Carmina Godoy Infante
2714,908,Maura Adriana Fabra Juliá
32384,908,Pancho Franco Palmer
R00141,908,Magdalena Diez
34157,908,Ceferino Jacobo Gimenez Álamo
33989,908,Toni Vizcaíno Arévalo
34158,908,Fabián Morán Mariño
33555,908,Itziar Solsona Torrijos
33063,905,Isidoro Lago Barranco
31298,905,Amanda Robledo Carreño
32384,905,Sosimo Hoyos Franco
34181,911,Omar Orozco Gutiérrez
34198,901,Vinicio Santana Ramírez
activa,911,Heriberto Villa Piñol
32953,917,Mateo Correa Colomer
1003,901,Emelina del Pedrero
32478,915,Dalila Álvaro Artigas
R32801,905,José Mari Palacio Hidalgo
31496,911,Ainoa Galiano Bravo
33913,917,Esther Paz Puerta
33878,915,Fanny Grande Hidalgo
33872,922,Tristán Bellido Contreras
30722,917,Adela Casandra Almeida Clemente
33843,901,Toni de Hernández
34190,901,Anselmo Poncio Pereira Avilés
M_DELGADO,SGS,Manu Felisa Carnero Peinado
a_morenog,SGS,Estefanía Haro
33675,901,Florinda Herrero
33121,901,Juan Pablo Pineda Puga
R02741,908,Ignacio Salom González
30058,917,Azahara Millán Montserrat
32583,917,Angelina Huertas Pombo
32669,917,Natanael Santiago Valdés
33992,917,Felicidad Aguiló Mateos
34203,917,Ani Linares Cabrero
33042,917,Bibiana Pedraza Redondo
32209,917,Benito Santamaría Román
33626,917,Erasmo Saura
31824,908,Noa Plana-Bueno
33338,901,Maximiliano Herranz Redondo
33676,901,Cosme Gomila Uribe
31010,901,Carolina Anglada-Torre
34199,901,Josep Morillo Revilla
34182,901,Graciana Barrio
30912,901,Chucho Sastre Goicoechea
29217,911,Vasco Rafael Guerra Gámez
32546,922,Andrea Francisca Sedano Tovar
34029,922,Azahar Arnaiz
33040,922,Amador del Salvador
33965,922,Ascensión Ramírez Llanos
33488,922,Melisa Torrens Gracia
34169,922,Leonel Casas-Mayo
33479,922,Ernesto Blázquez Acedo
33374,922,Gema Espejo Coello
901_02228,901,Leoncio Jover Mas
29724,959,Carina Cabrero Rojas
30251,901,Carla Bernat Amat
31289,911,Maricruz Bauzà Mateu
30248,911,Venceslás Bravo Español
32459,911,Cloe Mariño Casals
33233,911,Anna Orozco Pellicer
2418,911,Juan Antonio Emiliano Gordillo Ricart
33245,911,Octavio Ciro Santamaría Ródenas
32631,911,Valeria Lerma Porras
34058,911,Susana del Bueno
2393,911,Reyes del Ureña
34180,911,Paulino Martín-Madrid
33499,911,Rómulo Sancho-Somoza
33114,911,María Fernanda Andrade Gisbert
3644,911,María Dolores Arce Juliá
33747,911,Eloísa Castillo Villalba
33657,917,Cecilio Cobo Valenzuela
34097,901,Luís de Valenzuela
34082,922,Leocadia Camila Haro Melero
33135,922,Noa de Elías
32020,922,Dimas Delgado Morales
34012,910,Pablo Arnaiz Chamorro
30647,922,Isaac Leonardo Pozo Fonseca
33918,922,Roldán Ponce Luna
30810,901,Máximo Enrique Asenjo Guerrero
34201,910,Paulina de Estrada
34205,901,Victor Maestre-Sandoval
31553,901,Febe Segovia Valdés
34191,911,Patricio Plaza
33856,911,Ernesto Yáñez Ricart
32903,917,Che Sanabria Soria
30691,917,Heriberto Pastor Aguirre
34196,919,Claudio Giralt-Rincón
31879,908,Alicia Martin Garay
32332,905,Odalis Renata Cobos Mármol
33085,908,Ruperta Gutierrez Mur
333,908,Almudena Franch Leiva
34072,921,Rosendo Arteaga Salmerón
32612,911,Amparo Peinado Hernández
2620,911,Rosalva Santiago Solano
33673,911,Amancio Arnau Agustín
1120,911,Rufina del Armengol
31274,915,Ximena Marcia Alegria Prats
31562,911,Leonor Haro Saez
32134,911,Marcia Camino Cabanillas
32831,911,Tristán Puerta Nuñez
28,911,Ainara Haydée Noriega Cordero
34186,911,Bautista Espada Folch
34136,911,Germán Delgado Iglesia
33888,911,Seve Balduino Palomino Bas
31595,911,Raúl García-Cerdá
96,911,Vinicio del Mora
33974,911,Damián Cárdenas Gomez
30581,911,Teresa del Gordillo
34184,911,Otilia Domínguez
33742,915,África Manzanares Aramburu
33594,922,Estrella Doménech Canales
32411,901,Emigdio Manzano Mora
30587,901,Fabiola Álvarez-Albero
31437,901,Quique Cuenca Carbajo
33570,908,Jesusa García-Pujol
29590,919,Reynaldo Tomas Díez
R02743,908,Gastón Diez Bilbao
C_MARRERO,SGS,Arturo Perea Villanueva
S_SANCHEZC,SGS,Juanito Melero Escribano
JL_EGIELOR,SGS,Zaira Adán Reina
30048,911,Severo López Jurado
31724,901,Consuelo del Mínguez
R02747,908,Nazaret Galán Peñalver
32923,905,Blanca Valero Soler
32451,922,Sandra de Luís
34175,922,Anselma Arnaiz Sanabria
33946,908,Fabiola Emma Pazos Guerrero
34215,901,Sandalio de Alvarado
32790,915,Irene Fernandez Feliu
33056,905,Fermín Blanco Ortiz
32917,908,Blas Noguera Criado
34195,919,Purificación Cortina Torrecilla
30840,908,Josefa de Alarcón
33203,905,Kike Batalla Roldán
r02746,905,Angelino Vila Sevilla
333,911,Josefina Ortega Salazar
32157,905,Efraín Cabrero Cabañas
34116,905,Prudencia Campos Murcia
32945,901,Gloria Palau Cabello
34216,901,Clementina del Calzada
33907,901,René Pulido Villa
339,901,Flavio Iborra Martin
34217,901,Albina Cabeza Tudela
33952,901,Abilio Ribes Ayuso
32753,901,Tadeo Aliaga Quiroga
29508,910,Lisandro Quintero Alcaraz
31441,910,María Anglada Saez
33192,901,Carmelo Peralta Moliner
33753,917,Lucila Andrés Alegria
32450,922,Eladio Serra Cornejo
33476,922,Noemí Molina Belda
33766,922,Jeremías Arrieta Madrigal
33177,922,Anastasia Mariscal Blazquez
34207,922,Urbano Jara-Cifuentes
34208,922,Reyes Pazos Chacón
30879,917,Reinaldo Céspedes Cárdenas
34203,922,Flora Garrido Corbacho
33979,917,Urbano Vilalta Tomas
34230,917,Jordi Angulo Pujol
34210,922,Lucas Julián Aragonés Campos
R31755,917,Severo Almazán Aguado
34204,917,Cirino Mate-Alberto
30811,922,Ramona Purificación Higueras Barriga
30501,922,Heraclio Goicoechea Soto
R02031,922,Leonor Bernad Quiroga
33657,922,Odalis Suárez Arrieta
33914,922,Marta Carrasco Rodríguez
50,901,Luz de Larrañaga
32937,921,Ciro Domínguez
34020,915,Nilda Jiménez Medina
32526,905,Amada Pinto Corominas
r02408,915,Perlita Alma Rivero Avilés
30924,919,Albina Cruz Solera
32149,915,Almudena Puerta Córdoba
r02470,915,Mateo Donoso
29718,919,Carmen Aguiló Rodríguez
34037,917,Rómulo Macias-Calatayud
2825,917,Daniel Benavent
R00063,915,León Grau
2159,911,Fabricio Nadal Sánchez
29491,911,Iván Pou Blasco
32770,919,Desiderio Marquez Ponce
32720,908,Eusebia Barrio Amorós
33139,911,Nuria Beltrán Salvador
33566,911,Samu Villa Solís
30462,911,Gabino Serra Rincón
32013,901,Roque Gras Salgado
R02746,908,Benita Ureña Montes
R02740,908,Eliana del Sales
30691,911,Candelaria Piña Escamilla
31363,911,Pancho Roldán Caparrós
33518,911,Camilo Luís Pascual
hoss_eng,911,Felisa Montesinos Esteve
livia_gerv,911,Remigio del Granados
29675,911,Rebeca Valcárcel Pacheco
31676,922,Cruz Rosa María Juan Ripoll
ASUN_LUQUE,SGS,Rosa Gomez Villanueva
32614,901,María Pilar Chaves Blanco
34219,901,Asunción Sánchez
2031,911,Maximiano Cabeza Duran
34143,901,Bernabé Tapia Ávila
30382,901,Patricia Herranz Castellanos
34225,901,Rosario Coronado Díaz
34090,921,Jose Manuel de Querol
34086,921,Edu Luz Daza
32186,911,Moisés Leonardo Manso Narváez
A29718,919,Severo Crespo
A32215,919,Norberto Coronado
A30924,919,Basilio Codina Salcedo
M_NIETO,911,Aurelio Coronado Mascaró
31755,911,Maricela de Almazán
A02790,922,Yago Riquelme Buendía
A29778,922,Eva María Diego Sarabia
A30924,921,Fabio Diaz Valle
H_AIOUCHE,901,Elisabet de Bernal
a02740,908,Cosme Ruano Clavero
A02747,908,Heriberto Sancho Malo
A02741,908,Martina de Aznar
A02019,911,Malena Odalis Lobato Rosado
A02408,915,Gerardo del Lumbreras
A02401,915,Xavier Salazar Cordero
a02401,915,Candela Cobo Bello
a02747,908,Juan Carlos Elorza Pomares
A00156,911,Vicenta Alvarez Alvarez
A29494,910,Fernanda María Ángeles Rodrigo Quiroga
A33466,910,Carmelo Alfonso Ramón Montalbán
R02790,917,Toribio Morata Bermejo
A02790,917,Nacio Ribera-Bejarano
R29778,917,María Del Carmen Roig
A29778,917,Zaida Amores Huertas
R29418,922,Ariadna Castro Perales
A29418,922,Guadalupe Sans Alberdi
R29418,917,Eusebia Ribas Velasco
A30095,922,Godofredo Pinedo Díaz
A32878,911,Teo Cobos Sanmiguel
A32809,911,Fito Santamaría Cervera
A29944,901,Tatiana Solsona Ros
A33663,901,Bautista Quintero Cabezas
A29667,901,Cándido Leal Cámara
A30448,901,Rosendo Patricio Lago Bernat
A01140,905,Marcio Abascal Cordero
A32143,905,María Carmen Marí Almeida
R02742,908,Hugo Ochoa Gil
A32389,917,Angelita Salmerón Mora
A30636,911,Candela Jiménez Vila
A02740,908,Reyes Casals Perera
A32801,905,Benito Gargallo
A01320,917,Fanny del Gámez
a02408,915,Leire Haro Poza
A33646,911,Sancho Ortega Santamaría
33222,905,Carlos Clavero-Mayol
30195,959,Chus Pacheco
a02741,908,Gabriel Salom
32186,905,Pablo Navas Echevarría
33815,908,Filomena del Gutierrez
30346,901,Juan Francisco de Moliner
30868,901,Benjamín Corbacho Gil
2654,911,Fermín Cabrero Gibert
r30629,917,América Almeida-Cano
2618,917,Custodio Vicente Casanovas Gomila
33497,917,Gastón Adrián Tello Gallart
29778,917,Isidro del Barceló
2830,922,Tamara del Villalba
33517,917,Amaya Llanos Folch
2790,917,Tecla Larrea García
33471,922,Bonifacio Tejera Mayoral
a32790,915,Herminio Perea-Millán
32686,911,Jaime Torres Murcia
34228,901,Isidora Álvarez Campoy
32839,911,Eleuterio del Barberá
32809,911,María Del Carmen María Ángeles Pou Gargallo
a02422,915,Lupe Bru Soriano
29148,917,Gisela Toledo-Rodríguez
34232,917,Samu Marín Ballesteros
901_02257,901,Luis Ángel Aroca Rozas
34261,917,Marcelino Mesa Puig
34267,917,Pablo Amores Folch
r00066,915,Noa Sastre
A32790,915,Ibán Ballesteros Otero
R32790,915,Máximo Reguera Porta
32480,911,Pepito Losa
30619,911,Óscar Gisbert Manso
32137,905,Cayetano Evaristo Pacheco Iglesia
34085,922,Francisca Monreal Ferrer
30777,922,Abril Santiago Ribera
34120,901,Jose Antonio Alegria Roldan
30896,901,Coral de Robles
34084,917,Flora Hervia Rueda
32683,917,Florina Ballesteros-Santiago
33874,917,Yago Román Llabrés
33179,917,Edelmiro Porfirio Rodriguez Tamayo
34245,917,Raquel Jaume
A30629,917,Anastasio Lerma
33128,922,Jose Ignacio Palomino Losa
34254,911,Aníbal Acero
a00066,915,Lorenza Malo Morales
A02422,915,Fabio Almagro Conde
2216,911,Pilar Montoya Rocamora
32878,911,Eliana Heredia Mateos
31483,917,Angelita Nazaret Román Lastra
34011,911,Bernardo del Aguilera
34236,901,Belen de Arrieta
34233,922,Raúl Galán Galiano
32064,905,Yéssica Iris Andres Clemente
33615,908,Ofelia de Feijoo
4,910,Alondra Anaya Álamo
31748,922,Cebrián de Quevedo
32522,922,Yago Moll-Caparrós
29742,922,Adelaida Terrón Gibert
32528,901,Herberto Escudero Nadal
33624,901,Valeria Rivero Tormo
33912,901,Moreno de Martin
32959,901,Amílcar Corral
34050,901,Edelmiro Zamorano-Matas
32064,901,Juan Antonio Cuervo Olivera
34265,901,Ruth Pol Porcel
r02743,905,Eva María Contreras
R02742,905,Úrsula Gallego Pedrosa
34240,908,Ámbar Coll-Menendez
32466,917,Paula Cal Salinas
34242,917,Asdrubal Palma Ayllón
34170,917,Nadia Mendez-Paz
32870,917,Rodolfo Anaya Estévez
32771,901,Bienvenida Quero Lara
34277,901,Marcial Ciro Conesa Aparicio
32991,911,Jovita del Llopis
34147,911,Amor Fidela Losada Alcázar
ELENALOPEZ,911,Reyes Gallo Quero
29266,911,Ester Tamarit Juan
767,911,Danilo Calderon Gual
2615,911,Camilo Toro Gual
33946,905,Virginia Almazán Rius
30913,922,Noelia Vilar
33809,922,Francisca Velázquez
31855,922,Cruz Guitart Garcés
31973,917,Palmira Múgica Martin
33517,922,Ildefonso Juan Mayoral
29846,901,Alejo Pinedo Castrillo
34253,911,Ciriaco Oliveras-Salgado
34287,922,Guadalupe Vicente Somoza
32466,922,Florencia de Real
30691,922,Piedad Ibáñez Mendoza
33817,911,Rosalinda Villalba Villaverde
A34239,911,María José Pérez Ramos
32683,901,Fabricio Barón Fernandez
34285,922,Rafa Montero-Ibarra
32921,917,Berta Mercedes Rivero Costa
33120,901,África Olivera
portugal,901,Herberto Busquets Angulo
HOSS_DE,911,Maricruz del Antón
107,911,Domingo Goicoechea Torrecilla
32583,922,Josué Contreras
34202,915,Rafael Pascual Rubio
63,915,Eugenia Sacristán Amo
test,901,Bienvenida Abad Cuadrado
R01140,911,Anselma Tejedor Tamayo
34243,911,Cándido Tormo Arroyo
30448,901,Morena Paredes Abad
33099,901,Jacobo Sanmiguel Parra
33508,911,Adelaida Ropero-Murcia
34251,911,Macaria Almeida Jódar
R30629,917,Enrique Zamora Herrera
R01320,917,Julián Pereira Hervia
33497,911,Adoración Rosselló Peinado
33967,905,Alex Aramburu Zabaleta
160,901,Jacinto Donoso Pujol
29818,901,Ligia Márquez
30262,901,Carla Cadenas Marí
32064,959,Josep Zorrilla Mármol
34223,921,Agustín Oliveras Bravo
34257,911,Constanza Molina Daza
31173,911,Herminia Lamas Milla
34246,911,Custodio Valls Arranz
2481,911,Geraldo Lladó Vicente
34143,917,Clementina Roman
32072,915,Luis Miguel Julián Moreno
R30095,922,Jordana Tirado Hidalgo
34128,911,Asunción Yáñez Bayo
31470,911,Ema Ortega
32758,911,José Manuel Cabo Cortes
31272,901,Rafaela Sanabria Cerdán
234,901,Julia Griselda Olmo Barros
1160,911,Bernabé Ruiz Andreu
29381,911,Celestina de Zapata
R01127,905,Ignacia Corbacho Cabrera
33206,917,Regina Manzanares Alegre
A02902,910,Ligia Barreda Linares
34268,919,Che Manjón
32526,908,Celia Barberá Cabeza
33063,908,Manuelita Domingo
32527,908,Emilia Román
33196,917,Amílcar Barbero-Ramis
30095,917,Dulce Noguera Seguí
34252,911,Marita de Quintanilla
R02042,905,Tomasa Purificación Larrañaga Morcillo
32621,959,Augusto Arias Poza
R30636,911,Tiburcio Tejero
32318,911,Román Priego Iniesta
34290,901,Horacio Landa Olivé
34262,901,Teófilo Acevedo Anguita
30784,901,Julie Galiano-Cantero
R02408,915,Pía Esteban
33592,901,Clementina Palomo Rubio
33592,911,Tatiana del Albero
33592,915,Baltasar Alegre-Chaves
33592,908,Amando Baeza Galiano
33592,910,Olga Laguna Cases
33592,921,María Del Carmen Giner
33592,917,Abigaíl Esparza Almeida
33592,922,Germán Torres Cárdenas
test,915,Raquel Castrillo-Madrid
test,910,Dulce de Godoy
test,917,Benigno Ocaña Rivas
test,911,Marcelo Amaya-Castejón
test,905,Nicanor del Tirado
test,922,Marta Arnal Tejedor
test,919,Bernardita Baena Salmerón
test,921,Graciela Gibert Luna
test,908,Jenaro Chico Valderrama
33454,901,Dorotea Mónica Lasa Gabaldón
31904,901,Joaquín Salazar Adadia
30423,901,Juan Luis Benito Prado
32418,922,Vasco Uriarte
32935,911,Santiago Andrade Bermúdez
34286,910,Onofre Jaén Gálvez
34295,905,Martin Gaya Mendez
33873,917,Ruperto Germán Borrell Calvo
R32389,917,Asdrubal Samu Coronado Moles
34283,901,Damián Pla Prieto
1003,959,Josué de Olivera
34270,922,Herminia Áurea Acuña Heredia
34284,922,Noelia Barros Marcos
2497,911,María Clemente Peñas
R02615,911,Adrián Zapata-Niño
32725,911,Eli del Saavedra
33417,911,Santiago Alfredo Anguita Puig
32724,911,Belén Robledo-Cobos
31894,911,Timoteo del Comas
OJ_DIEZ,SGS,Marina Benita Granados Mora
34292,901,Vera Verdugo
34266,905,Encarna Ramis Torrent
32880,908,Rosalía Vilaplana
66695,905,Reinaldo Ruano Andrés
34285,917,Reina Agullo
34237,917,Marisol Benavides Martorell
32200,911,Fortunato Herrero-Abril
34273,910,Benjamín Peiró Valencia
34298,901,Onofre Morera-Figueras
34278,922,Íngrid Berenguer Luís
34288,901,Clemente Duque
34176,901,Adora María Ferrán Bejarano
30594,901,Guiomar María Jesús Rueda Carrillo
66691,901,Maxi Alberdi Verdú
34293,922,Danilo Saldaña Tejero
34297,922,Adoración Suárez Baños
66680,922,Glauco Rosell Sanabria
34260,922,Raúl Pizarro Cisneros
32763,922,Miriam Higueras Carretero
33250,905,René Valenciano Santana
R02741,905,Diego del Piquer
66670,910,María Ángeles Toro Juárez
66669,910,Ruth Díez Bartolomé
66677,910,Toribio Pina-Oliveras
34271,910,Berto Llopis Castell
30658,910,Sebastián Torrents Sáez
66676,910,Timoteo Marc González Navarro
66702,917,Zaira Palau Frías
33399,922,Gema Huguet Cañellas
29665,922,Bernardino Nicolás
66704,917,Glauco Bauzà
66685,901,Lupe Campoy Coello
66686,901,Salomé Moya Salmerón
66690,917,Carmen del Santamaría
66675,917,Apolinar Morales Sierra
34211,917,Amada Guardia Canet
66697,917,Lidia Albero Cortes
66671,910,Claudia Blasco Alcalde
305,901,Susana Vargas Velasco
32863,911,Vicenta Velázquez Escamilla
33300,911,Calisto Calvo Cabañas
34222,921,Samu Castañeda Pedrero
31344,910,Dan Guerra Gálvez
32394,908,Tomasa Casanova Santiago
66698,917,Cleto Alsina Trujillo
901_02331,901,María Dolores Blanca Cañellas
33715,905,Alfonso Vargas Gabaldón
34280,901,Felipe del Salvador
33255,911,Camila Peláez Cabañas
2591,911,Encarnita Guijarro Sanz
R29994,959,Cipriano Marcos Carreño
a02790,922,Adelardo Cordero-Chico
30056,922,Vicente Amores Pacheco
66766,922,Isabela de Villalba
66700,922,Azeneth Ortuño Nuñez
66735,922,Emiliana Barranco-Ortiz
66682,910,Darío de Heras
1206,910,Rosalva Sancho Martí
33539,910,Julie Prats Company
66787,910,Abel Echeverría Oller
31176,910,Ángeles Espinosa Peiró
33625,901,Fernando Cal-Agustí
33826,901,Jose Ramón Angulo Moreno
34099,901,Alba Mascaró
901_01373,901,Bárbara Vilanova Aller
66765,901,Candelario Sarmiento
33444,901,Juan Mulet Cortés
66713,901,Anselma del Abril
66687,901,Manuelita Nydia Vicens Rivero
30229,901,Sigfrido Montero Briones
32349,917,Genoveva del Galán
32593,917,Concha Costa Llamas
31040,911,Inmaculada de Pavón
33625,911,Victorino Benito Larrañaga
32527,911,Ruth Cervera-Guillén
33878,911,Cesar del Jódar
32120,911,Curro del Fortuny
31586,911,León del Riquelme
32362,911,Vinicio Valle
33759,911,Áurea Pina Poza
33740,911,Manu del Tomas
33332,917,Alondra Vendrell Zaragoza
33240,911,Marciano Martí Jover
2747,908,Amador Diez Rovira
34104,905,Chus Llamas Pedrero
32167,905,Dulce Bermúdez Gonzalo
30752,901,Amparo Carrera Granados
901_02343,901,Consuela Cerezo Vázquez
33250,908,Adalberto Pedrero-Arteaga
33908,922,Julián Molins
33839,911,Francisco Javier Ferrer Belmonte
33839,921,Delfina Santos Moll
66694,910,Haroldo Simó Raya
66684,910,Valerio Garay Planas
34300,901,Crescencia Piñeiro Gutiérrez
66683,910,Liliana Alcalde-Bermúdez
33113,910,Rolando Exposito Benito
66678,917,Inmaculada del Cervantes
33964,917,José Ángel Bravo Recio
34287,911,Maricruz Dulce Checa Juan
33600,915,Ceferino Flor Roca
2741,908,Mateo de Carreño
34276,901,Eustaquio Bolaños Prat
31111,901,Manola Gámez Nogueira
33717,911,Leire del Osorio
A31136,921,Roberto Cárdenas Mascaró
a29418,922,Calixta Adoración Verdejo Pareja
87,901,Carlos Alfaro Jover
R32801,908,Selena Machado Somoza
R01140,908,Primitivo Monreal Pino
34295,908,Teodora Barrera Arias
33222,908,Bárbara Barrios Portero
31256,911,Lisandro Barceló Borrell
33180,917,Leticia Correa-Plana
66774,910,León Salcedo Marí
66773,910,Lupita Carmela Blanch Chico
66693,910,Elpidio Fuentes
A29778,911,Armida España Revilla
34291,917,Marianela Vilanova Caparrós
33124,922,Amalia Riquelme
66720,901,Paula Larrañaga Colom
32528,959,Angelina Torrents Medina
66800,901,Felix Herranz Figuerola
66809,917,Jesús Abad Alcalde
34287,917,Patricio Pardo Burgos
66812,917,Pelayo Serrano-Llorens
66826,917,Hernán Murillo-Estevez
66761,917,Isidoro de Ribes
32925,919,Tito Pujol Aramburu
66696,917,Judith Manso-Alemán
33584,911,Yolanda Gibert
29880,908,Jose Francisco Zaragoza Pi
33203,908,Candelaria Valenciano Luna
32102,908,Régulo del Haro
66695,908,Leticia Nicolau
A34239,908,Juan Antonio Haro Pou
A29494,908,Ricardo Armengol Saez
32323,901,Lilia Arnal Cabezas
225,911,Faustino Rios Leon
66708,915,Leandra de Esteban
2046,911,Azahar del Sacristán
30330,901,Fanny Santamaria Pallarès
32616,901,Luz Donaire Fernández
32914,922,Aníbal Ovidio Lloret Benavides
31192,922,Paz Chaves Rincón
34274,917,Basilio Benavente Gámez
29512,917,Jose Francisco del Torrens
30980,905,Alejandro Pepe Nebot Salom
66705,905,Yésica de Llabrés
70,911,Angelita Casals Pastor
31848,911,Carlota Barroso Santamaria
33653,922,Daniel Bosch-Infante
66696,911,Luz Blanca Rozas Alcaraz
66723,917,Leyre del Mínguez
33837,917,Amancio Zacarías Fuertes Aragón
66715,919,Natividad Guardia Arellano
29541,908,Nélida Arce Alcalá
31705,905,Perla Jerez Pereira
66717,905,Candelaria Barriga Alemany
R00141,911,Ruy Noriega Arranz
66711,917,Ignacia Llorens Amores
30636,911,Bartolomé Bermúdez Guzmán
34046,922,Carina Cuesta Tejera
29317,917,Pánfilo Marin Jimenez
HIPOLITO_C,SGS,Calixta Teodora Guerra Español
31971,911,Clotilde Dávila Jódar
2355,911,Fabio Villa Sánchez
34248,911,Maximiano del Folch
34093,915,Consuela Martínez Parra
66719,901,Gertrudis Esteban
M_Molina,SGS,Ramona Franch Rodríguez
66729,917,Modesta Cabello Adán
31614,917,Dionisio Pastor Ricart
34157,905,Matilde Imelda Julián Herrera
32148,901,Mohamed Mateos-Mateos
901_02314,901,Imelda Quintero Seco
30507,901,Patricia Tamarit Esparza
66793,901,Amparo Segarra Cerdá
2536,911,Verónica Acevedo Ríos
32415,922,Chuy Reig Cabeza
R00010,908,Fortunato Tomé Linares
66718,901,Carmina Herrera Manjón
A02741,905,Tiburcio Arranz Plana
r01320,917,Elvira Herrera Rosell
66772,917,Micaela Ramón Romeu
66730,917,José Ángel Benavente Nuñez
31092,901,Antonia Abril Querol
31824,911,Julián Armas Estévez
2042,911,Rogelio Haro Segarra
F_ALEMANY,SGS,Adelia Barrio Abril
P_ORDEN,SGS,Samu Abellán
31915,905,Edmundo Boix-Arévalo
A02747,905,Moreno Piña Aznar
r00333,905,Sara Vega-Rosa
34105,908,Lucas Godoy Corominas
29962,901,Alma Álvaro Arrieta
66824,917,Salomé Mayo Baeza
pepecz,911,Román Jerez Manzanares
pepeuk,911,Marciano Ferrera Gabaldón
pepepo,911,Adelia Daza Gutierrez
34293,917,Ruth Noguera Tejera
pepehu,911,Modesta Martínez Villalba
66782,901,Noé Villegas Guerrero
pepefr,911,Nazaret del Alarcón
33908,917,Pío España Alvarez
pepegr,911,Vilma Pérez
32215,921,Claudio Mesa-Ángel
66790,911,Godofredo Ignacio Huguet Ayuso
66767,922,Ángel Figueroa
66821,922,Mar de Bermudez
30873,922,Genoveva Duque Bárcena
31813,917,Cruz Chamorro Santamaria
66813,917,Hernán Tudela Gil
66804,917,Jose Antonio del Benítez
29779,917,Gustavo Ayllón Saez
66776,901,África Evelia Cózar Riera
66797,901,Ciriaco Linares Gibert
66849,901,Marina Vergara Barriga
34192,901,Julieta Casals Miranda
66799,901,Anselmo Carretero Iriarte
66817,922,Xiomara Sanmartín Gracia
pepeho,911,Ildefonso Castilla Marco
66721,921,Ciríaco Ramón Carrera
32593,901,Martín Almansa
333,901,Ciro Hervás Mendoza
R02299,901,Eulalia Flores Pulido
R00050,959,Renata de Guerrero
66818,911,Carlito Peñalver Rius
32233,911,Germán Andres-Escolano
66837,910,Lázaro Cerro Bermúdez
29719,901,Bartolomé Benavides Alcalde
66792,901,Verónica Peñalver Calatayud
rafa_crego,SGS,Guadalupe Tejera Portillo
32436,922,Natalia del Gelabert
32637,922,Gala Bertrán Moles
66840,901,Gerónimo Galindo Figuerola
66775,901,Saturnina Álvarez Otero
pp_gines,SGS,Armando Albero Guardia
R32801,911,Sarita Nicolau Jaume
32922,917,María Cristina Real
66839,917,Carina Anglada Delgado
34285,911,José Antonio Albero Julián
66842,901,Yago Mena Pont
87,911,Sancho Angulo-Rico
33322,917,Horacio Castilla Vigil
66724,917,Nilo Sosimo Morata Jara
32937,919,Leopoldo Ballester Corbacho
66830,919,Fidela Manzanares
2522,919,Rubén Mariño Aznar
66727,921,David Agullo Soto
32520,911,Francisco Javier Ferrándiz Romeu
29533,911,Cesar Zamorano Ramis
32787,922,Ariel Amaya Agullo Beltran
3001,922,Rubén Polo
29408,919,Maxi Saura Campo
66844,921,Vilma Benavides-Ayllón
32143,905,Marta Álvaro Gelabert
2743,908,Albert Rosales Elorza
