POBLACION,COMUNIDAD_AUTONOMA,CODIGO_POSTAL
Boiro,A CORU�A,15930
Carballi�o,ORENSE,32500
Bueu,PONTEVEDRA,36930
Vigo,PONTEVEDRA,36202
Redondela,PONTEVEDRA,36800
Vigo,PONTEVEDRA,36210
Pontevedra,PONTEVEDRA,36001
�rdenes,A CORU�A,15680
BARCELONA,BARCELONA,8000
Alcorc�n,MADRID,28925
Paredes-Siero,ASTURIAS,33429
Badalona,BARCELONA,8917
L'Hospitalet de Llobregat,BARCELONA,8907
Madrid,MADRID,28051
M�laga,MALAGA,29004
Churra,MURCIA,30110
Castilleja de la Cuesta,SEVILLA,41950
San Sebasti�n de los Reyes,MADRID,28700
Zaragoza,ZARAGOZA,50007
Jerez de la Frontera,CADIZ,11408
A Coru�a,A CORU�A,15008
Arroyo de la Encomienda,VALLADOLID,47195
Sabadell,BARCELONA,8205
Barakaldo,VIZCAYA,48903
Madrid,MADRID,28033
Barcelona,BARCELONA,8029
San Cugat del Vall�s,BARCELONA,8190
Sabadell,BARCELONA,8203
Ciudad Real,CIUDAD REAL,13002
Valdemoro,MADRID,28340
M�stoles,MADRID,28933
Madrid,MADRID,28040
VALENCIA,VALENCIA,46011
X�TIVA,VALENCIA,46800
PAIPORTA,VALENCIA,46200
LIRIA,VALENCIA,46160
CARCAIXENT,VALENCIA,46740
ALACUAS,VALENCIA,46970
SILLA,VALENCIA,46460
VALENCIA,VALENCIA,46007
CANALS,VALENCIA,46650
ALGINET,VALENCIA,46230
ALMUSAFES,VALENCIA,46440
BENIFAY�,VALENCIA,46450
MASAMAGRELL,VALENCIA,46130
CATARROJA,VALENCIA,46470
GAND�A,VALENCIA,46700
CHIVA,VALENCIA,46370
TABERNES DE VALLDIGNA,VALENCIA,46760
REQUENA,VALENCIA,46340
QUART DE POBLET,VALENCIA,46930
TORRENTE,VALENCIA,46900
ALCA�IZ,TERUEL,44600
BENETUSSER,VALENCIA,46910
MANISES,VALENCIA,46940
BENICARL�,CASTELLON,12580
LA POBLA DE VALLBONA,VALENCIA,46185
ALDAYA,VALENCIA,46960
BURJASSOT,VALENCIA,46100
BURRIANA,CASTELLON,12530
ALGEMES�,VALENCIA,46680
PATERNA,VALENCIA,46980
XIRIVELLA,VALENCIA,46950
LA ELIANA,VALENCIA,46183
OLIVA,VALENCIA,46780
VALENCIA,VALENCIA,46017
ALMAZORA,CASTELLON,12550
CASTELL�N,CASTELLON,12001
NULES,CASTELLON,12520
ONDA,CASTELLON,12200
VALENCIA,VALENCIA,46018
VALL DE UX�,CASTELLON,12600
VALENCIA,VALENCIA,46009
PUERTO DE SAGUNTO,VALENCIA,46520
CULLERA,VALENCIA,46400
SUECA,VALENCIA,46410
PICASSENT,VALENCIA,46220
ALFARA DEL PATRIARCA,VALENCIA,46115
PUZOL,VALENCIA,46530
MISLATA,VALENCIA,46920
SAGUNTO,VALENCIA,46500
VALENCIA,VALENCIA,46023
X�tiva,VALENCIA,46800
VALENCIA,VALENCIA,46004
VALENCIA,VALENCIA,46015
VILLAREAL,CASTELLON,12540
VINAROZ,CASTELLON,12500
CASTELLON,CASTELLON,12001
CASTELL�N,CASTELLON,12006
Valencia,VALENCIA,46002
Alzira,VALENCIA,46600
Carcaixent,VALENCIA,46740
Gandia,VALENCIA,46700
Paterna,VALENCIA,46980
Castellon de La Plana,CASTELLON,12001
Ontinyent,VALENCIA,46870
Teruel,TERUEL,44001
Alfafar,VALENCIA,46910
Valencia,VALENCIA,46009
ALBACETE,ALBACETE,2002
VALENCIA,VALENCIA,46019
ALICANTE,ALICANTE,3010
ELCHE,ALICANTE,3204
ALICANTE,ALICANTE,3001
SANTA POLA,ALICANTE,3130
IBI,ALICANTE,3440
CASTALLA,ALICANTE,3420
TORREVIEJA,ALICANTE,3180
ALICANTE,ALICANTE,3003
ELCHE,ALICANTE,3203
CREVILLENTE,ALICANTE,3330
DENIA,ALICANTE,3700
ELDA,ALICANTE,3600
JAVEA,ALICANTE,3730
CALLOSA DE SEGURA,ALICANTE,3360
ALICANTE,ALICANTE,3012
GUARDAMAR,ALICANTE,3140
VILLENA,ALICANTE,3400
SAN VICENTE DE RASPEIG,ALICANTE,3690
CAMPELLO,ALICANTE,3560
ALFAZ DEL P�,ALICANTE,3581
ORIHUELA,ALICANTE,3300
ALMORAD�,ALICANTE,3160
PETRER,ALICANTE,3610
ONDARA,ALICANTE,3760
BENIDORM,ALICANTE,3503
CABO HUERTAS,ALICANTE,3540
SAN JUAN,ALICANTE,3550
ALICANTE,ALICANTE,3007
ELCHE,ALICANTE,3205
ALTEA,ALICANTE,3590
ELCHE,ALICANTE,3201
ASPE,ALICANTE,3680
CALPE,ALICANTE,3710
ALICANTE,ALICANTE,3005
ALCOY,ALICANTE,3803
NOVELDA,ALICANTE,3660
ALICANTE,ALICANTE,3008
Alicante,ALICANTE,3015
Finestrat,ALICANTE,3509
Alcoy,ALICANTE,3804
Benidorm,ALICANTE,3503
Torrevieja,ALICANTE,3180
MURCIA,MURCIA,30000
ALHAMA DE MURCIA,MURCIA,30840
MURCIA,MURCIA,30009
CARAVACA DE LA CRUZ,MURCIA,30400
CARTAGENA,MURCIA,30204
MOLINA DE SEGURA,MURCIA,30500
TOTANA,MURCIA,30850
YECLA,MURCIA,30510
CHURRA,MURCIA,30110
TORRE PACHECO,MURCIA,30700
ARCHENA,MURCIA,30600
LORCA,MURCIA,30800
MURCIA,MURCIA,30008
CIEZA,MURCIA,30530
JUMILLA,MURCIA,30520
AGUILAS,MURCIA,30880
LA UNI�N,MURCIA,30360
SAN PEDRO DEL PINATAR,MURCIA,30740
MURCIA,MURCIA,30005
CARTAGENA,MURCIA,30205
Murcia,MURCIA,30001
San Javier,MURCIA,30730
Mazarr�n,MURCIA,30860
Lorca,MURCIA,30800
Alcantarilla,MURCIA,30820
Molina de Segura,MURCIA,30500
ALBACETE,ALBACETE,2001
ALBACETE,ALBACETE,2005
VILLAROBLEDO,ALBACETE,2600
ALMANSA,ALBACETE,2640
ALBACETE,ALBACETE,2003
HELL�N,ALBACETE,2400
LA RODA,ALBACETE,2630
OVIEDO,ASTURIAS,33005
SANTANDER,CANTABRIA,39010
Vitoria-Gasteiz,ALAVA,1004
Oviedo,ASTURIAS,33011
Oviedo,ASTURIAS,33001
Avil�s,ASTURIAS,33400
Gij�n,ASTURIAS,33206
GIJON,ASTURIAS,33209
Donostia-San Sebastian,GUIPUZCOA,20015
Arrasate/Mondragon,GUIPUZCOA,20500
Pamplona,NAVARRA,31002
Pamplona,NAVARRA,31191
BILBAO,VIZCAYA,48011
PONFERRADA,LEON,24400
BENAVENTE,ZAMORA,49600
LE�N,LEON,24002
Navia,ASTURIAS,33710
Malia�o,CANTABRIA,39600
TOLOSA,GUIPUZCOA,20400
OVIEDO,ASTURIAS,33013
LE�N,LEON,24005
BURLADA,NAVARRA,31600
LASARTE,GUIPUZCOA,20160
CANGAS DEL NARCEA,ASTURIAS,33800
CABEZ�N DE LA SAL,CANTABRIA,39500
OVIEDO,ASTURIAS,33001
BILBAO,VIZCAYA,48012
SESTAO,VIZCAYA,48910
SANTURCE,VIZCAYA,48980
PORTUGALETE,VIZCAYA,48920
IR�N,GUIPUZCOA,20302
ZARAUTZ,GUIPUZCOA,20800
BILBAO,VIZCAYA,48010
SAMA DE LANGREO,ASTURIAS,33900
TINEO,ASTURIAS,33870
GIJ�N,ASTURIAS,33213
BARACALDO,VIZCAYA,48901
Deusto,VIZCAYA,48014
LUGON�S,ASTURIAS,33420
ALGORTA,VIZCAYA,48993
CASTRO URDIALES,CANTABRIA,39700
MUNGU�A,VIZCAYA,48100
LAREDO,CANTABRIA,39770
VITORIA,ALAVA,1004
LLODIO,ALAVA,1400
BILBAO,VIZCAYA,48005
SANTO�A,CANTABRIA,39740
SANTANDER,CANTABRIA,39001
PAMPLONA,NAVARRA,31014
SAN SEBASTIAN,GUIPUZCOA,20011
LA FELGUERA,ASTURIAS,33940
BEASAIN,GUIPUZCOA,20200
VALLE DE TR�PAGA,VIZCAYA,48510
AMURRIO,ALAVA,1470
HUARTE,NAVARRA,31620
SAN SEBASTIAN,GUIPUZCOA,20002
SAN SEBASTIAN,GUIPUZCOA,20008
AMOREBIETA,VIZCAYA,48290
ERMUA,VIZCAYA,48260
OLABERRIA,GUIPUZCOA,20212
GIJ�N,ASTURIAS,33206
VILLABLINO,LEON,24100
OVIEDO,ASTURIAS,33002
AZPEITIA,GUIPUZCOA,20730
PAMPLONA,NAVARRA,31007
BERMEO,VIZCAYA,48370
DURANGO,VIZCAYA,48200
BEMBIBRE,LEON,24300
POLA DE SIERO,ASTURIAS,33510
GALDACANO,VIZCAYA,48960
LEIOA,VIZCAYA,48940
ZUMARRAGA,GUIPUZCOA,20700
VITORIA,ALAVA,1012
ERANDIO,VIZCAYA,48950
LAS ARENAS,VIZCAYA,48990
HERNANI,GUIPUZCOA,20120
BASAURI,VIZCAYA,48970
SOPELANA,VIZCAYA,48600
BARACALDO,VIZCAYA,48903
VILLAVICIOSA,ASTURIAS,33300
REINOSA,CANTABRIA,39200
LEON,LEON,24001
ANSOAIN,NAVARRA,31013
BARANAIN,NAVARRA,31010
PAMPLONA,NAVARRA,31011
ESTELLA,NAVARRA,31200
BERGARA,GUIPUZCOA,20570
ASTORGA,LEON,24700
TORRELAVEGA,CANTABRIA,39300
MIERES,ASTURIAS,33600
Renter�a,GUIPUZCOA,20100
Vitoria,ALAVA,1015
Pamplona,NAVARRA,31003
ALSASUA,NAVARRA,31800
AVIL�S,ASTURIAS,33401
Le�n,LEON,24008
Santander,CANTABRIA,39010
Santander,CANTABRIA,39004
PAMPLONA,NAVARRA,31002
BILBAO,VIZCAYA,48001
GIJON,ASTURIAS,33211
SANTANDER,CANTABRIA,39011
AVIL�S,ASTURIAS,33410
Gernika,VIZCAYA,48300
Leioa,VIZCAYA,48940
Bilbao,VIZCAYA,48004
GALDAR,"PALMAS, LAS",35450
PLAYA BLANCA (YAIZA),"PALMAS, LAS",35580
P�JARA,"PALMAS, LAS",35625
VECINDARIO,"PALMAS, LAS",35110
GRAN TARAJAL,"PALMAS, LAS",35620
Corralejo,"PALMAS, LAS",35660
ARRECIFE DE LANZAROTE,"PALMAS, LAS",35500
EL CARRIZAL- INGENIO,"PALMAS, LAS",35240
TELDE,"PALMAS, LAS",35200
LAS PALMAS DE GRAN CANARIA,"PALMAS, LAS",35008
ARUCAS,"PALMAS, LAS",35400
TELDE,"PALMAS, LAS",35220
LAS PALMAS DE GRAN CANARIA,"PALMAS, LAS",35007
LAS PALMAS DE GRAN CANARIA,"PALMAS, LAS",35006
LAS PALMAS DE GRAN CANARIA,"PALMAS, LAS",35018
Puerto del Rosario (Fuerteventura),"PALMAS, LAS",35600
Arrecife (Lanzarote),"PALMAS, LAS",35500
T�as (Lanzarote),"PALMAS, LAS",35510
LAS PALMAS,"PALMAS, LAS",35002
SAN BARTOLOM� DE TIRAJANA,"PALMAS, LAS",35290
Palmas de Gran Canaria (Las),"PALMAS, LAS",35013
Telde,"PALMAS, LAS",35200
Palmas de Gran Canaria (Las),"PALMAS, LAS",35220
San Bartolom� De Tirajana,"PALMAS, LAS",35314
LAS PALMAS DE GRAN CANARIA,"PALMAS, LAS",35010
LAS PALMAS DE GRAN CANARIA,"PALMAS, LAS",35019
SANTA CRUZ DE TENERIFE,SANTA CRUZ DE TENERIFE,38003
TACORONTE,SANTA CRUZ DE TENERIFE,38350
SANTA CRUZ DE TENERIFE,SANTA CRUZ DE TENERIFE,38006
ADEJE,SANTA CRUZ DE TENERIFE,38670
LAS AMERICAS ARONA,SANTA CRUZ DE TENERIFE,38660
TEJINA  LA LAGUNA,SANTA CRUZ DE TENERIFE,38260
LA LAGUNA,SANTA CRUZ DE TENERIFE,38350
LOS LLANOS DE ARIADNE,SANTA CRUZ DE TENERIFE,38760
GUIMAR,SANTA CRUZ DE TENERIFE,38500
ICOD DE LOS VINOS,SANTA CRUZ DE TENERIFE,38430
PLAYA DE LAS AM�RICAS,SANTA CRUZ DE TENERIFE,38660
SANTA CRUZ DE TENERIFE,SANTA CRUZ DE TENERIFE,38005
CANDELARIA,SANTA CRUZ DE TENERIFE,38530
LA LAGUNA,SANTA CRUZ DE TENERIFE,38530
LOS REALEJOS,SANTA CRUZ DE TENERIFE,38410
SANTA CRUZ DE LA PALMA,SANTA CRUZ DE TENERIFE,38720
SAN ISIDRO  GRANADILLA DE ABON,SANTA CRUZ DE TENERIFE,38611
LAS GALLETAS ARONA,SANTA CRUZ DE TENERIFE,38631
LA OROTAVA,SANTA CRUZ DE TENERIFE,38300
SANTA CRUZ DE TENERIFE,SANTA CRUZ DE TENERIFE,38007
GU�A DE ISORA,SANTA CRUZ DE TENERIFE,38687
SAN SEBASTIAN DE LA GOMERA,SANTA CRUZ DE TENERIFE,38800
SAN MIGUEL DE ABONA,SANTA CRUZ DE TENERIFE,38639
Sta. Ursula,SANTA CRUZ DE TENERIFE,38390
Puerto de la Cruz,SANTA CRUZ DE TENERIFE,38400
TENERIFE,SANTA CRUZ DE TENERIFE,38002
San Cristobal de la Laguna,SANTA CRUZ DE TENERIFE,38204
Valle San Lorenzo (Arona),SANTA CRUZ DE TENERIFE,38626
Valverde (isla El Hierro),SANTA CRUZ DE TENERIFE,38900
Adeje (Santa Cruz de Tenerife),SANTA CRUZ DE TENERIFE,38679
Santa Cruz de Tenerife,SANTA CRUZ DE TENERIFE,38111
Laguna (La),SANTA CRUZ DE TENERIFE,38205
Laguna (La),SANTA CRUZ DE TENERIFE,38201
Los Cristianos,SANTA CRUZ DE TENERIFE,38650
GIRONA,GIRONA,17002
TARRAGONA,TARRAGONA,43005
BARCELONA,BARCELONA,8005
BARCELONA,BARCELONA,8007
BARCELONA,BARCELONA,8039
BARCELONA,BARCELONA,8010
BARCELONA,BARCELONA,8002
BARCELONA,BARCELONA,8008
BARCELONA,BARCELONA,8029
LONDRES,BARCELONA,8000
PARIS,BARCELONA,8000
BARCELONA,BARCELONA,8018
BARCELONA,BARCELONA,8032
BARCELONA,BARCELONA,8028
BARCELONA,BARCELONA,8003
FELANITX,BALEARES,7200
SOLLER,BALEARES,7100
INCA,BALEARES,7300
PALMA DE MALLORCA,BALEARES,7004
PALMA DE MALLORCA,BALEARES,7007
MANACOR,BALEARES,7500
PALMA DE MALLORCA,BALEARES,7013
GRANOLLERS,BARCELONA,8400
BARCELONA,BARCELONA,8019
MANRESA,BARCELONA,8240
CASTELLDEFELS,BARCELONA,8860
REUS,TARRAGONA,43202
VALLS,TARRAGONA,43801
MOLLET DEL VALL�S,BARCELONA,8100
LLORET DE MAR,GIRONA,17310
ESPLUGUES DE LLOBREGAT,BARCELONA,8950
VILANOVA I LA GELTR�,BARCELONA,8800
SITGES,BARCELONA,8870
EL VENDRELL,TARRAGONA,43700
SAN ADRI�N DE BES�S,BARCELONA,8913
LLUCMAJOR,BALEARES,7620
HOSPITALET DE LLOBREGAT,BARCELONA,8905
TERRASSA,BARCELONA,8222
ARENAL DE LLUCMAJOR,BALEARES,7600
RUB�,BARCELONA,8191
SANTA COLOMA DE FARNERS,GIRONA,17430
PALMA DE MALLORCA,BALEARES,7010
SA POBLA,BALEARES,7420
PALAFRUGELL,GIRONA,17200
MATAR�,BARCELONA,8301
GERONA,GIRONA,17003
MATAR�,BARCELONA,8302
BLANES,GIRONA,17300
MANLLEU,BARCELONA,8560
ROSAS,GIRONA,17480
EL PRAT DE LLOBREGAT,BARCELONA,8820
SANT BOI DE LLOBREGAT,BARCELONA,8830
SANT FELI� DE LLOBREGAT,BARCELONA,8980
HOSPITALET DE LLOBREGAT,BARCELONA,8902
SANT FELI� DE GUIXOLS,GIRONA,17220
SABADELL,BARCELONA,8206
BALAGUER,LLEIDA,25600
MOLLERUSA,LLEIDA,25230
CERDANYOLA DEL VALL�S,BARCELONA,8290
VIC,BARCELONA,8500
CALAFELL,TARRAGONA,43820
BARCELONA,BARCELONA,8020
SAN JUAN DESP�,BARCELONA,8970
OLESA DE MONTSERRAT,BARCELONA,8640
ESPARRAGUERA,BARCELONA,8292
CALVI�,BALEARES,7180
CARDEDEU,BARCELONA,8440
PALAM�S,GIRONA,17230
MAH�N,BALEARES,7703
BARCELONA,BARCELONA,8015
BARCELONA,BARCELONA,8016
BARCELONA,BARCELONA,8031
GAV�,BARCELONA,8850
MOLINS DEL REI,BARCELONA,8750
LA BISBAL DEL EMPORDA,GIRONA,17100
BARCELONA,BARCELONA,8011
BARCELONA,BARCELONA,8041
PALMA DE MALLORCA,BALEARES,7500
SOLSONA,LLEIDA,25280
LA SEU DE URGELL,LLEIDA,25700
BARCELONA,BARCELONA,8036
BADALONA,BARCELONA,8914
CIUDATELLA,BALEARES,7760
SANT CELONI,BARCELONA,8470
Ripoll,GIRONA,17500
PREMI� DE MAR,BARCELONA,8330
SANT ANDREU DE LA BARCA,BARCELONA,8940
CORNELL� DE LLOBREGAT,BARCELONA,8490
LLEIDA,LLEIDA,25001
TORTOSA,TARRAGONA,43500
SALOU,TARRAGONA,43840
IGUALADA,BARCELONA,8700
CORNELL� DE LLOBREGAT,BARCELONA,8940
T�RREGA,LLEIDA,25300
BARCELONA,BARCELONA,8025
BARCELONA,BARCELONA,8013
VILADECANS,BARCELONA,8840
FIGUERAS,GIRONA,17600
BADALONA,BARCELONA,8917
BARBER� DEL VALL�S,BARCELONA,8210
PALMA DE MALLORCA,BALEARES,7011
ALCUDIA,BALEARES,7400
ARENYS DE MAR,BARCELONA,8350
MATAR�,BARCELONA,8304
CALELLA,BARCELONA,8370
MONTCADA I REIXAC����,BARCELONA,8174
SAN ANTONIO DE PORTMANY-IBIZA,BALEARES,7820
OLOT,GIRONA,17800
Vilafranca del Penedes,BARCELONA,8720
Barcelona,BARCELONA,8005
Martorell,BARCELONA,8760
PALMA DE MALLORCA,BALEARES,7002
Barber� del Valles,BARCELONA,8210
Santa Coloma,BARCELONA,8923
Tarragona,TARRAGONA,43007
CAMBRILS��,TARRAGONA,43850
GIRONA,GIRONA,17006
VILAFRANCA DEL PENEDES,BARCELONA,8720
GIRONA,GIRONA,17001
EIVISSA,BALEARES,7800
Barcelona,BARCELONA,8030
Barcelona,BARCELONA,8014
Sant Cugat del Vall�s,BARCELONA,8172
Santa Coloma de Gramanet,BARCELONA,8921
PALMA DE MALLORCA,BALEARES,7012
Barcelona,BARCELONA,8017
Lleida,LLEIDA,25007
Santa Eulalia del R�o,BALEARES,7840
Vic,BARCELONA,8500
Cornella de Llobregat,BARCELONA,8940
Barcelona,BARCELONA,8010
Barcelona,BARCELONA,8025
Terrassa,BARCELONA,8224
Hospitalet de Llobregat (L'),BARCELONA,8901
Granollers,BARCELONA,8402
Reus,TARRAGONA,43201
Barcelona,BARCELONA,8006
Figueres,GIRONA,17600
Hospitalet de Llobregat (L'),BARCELONA,8903
Viladecans,BARCELONA,8840
Tortosa,TARRAGONA,43500
Igualada,BARCELONA,8700
Barcelona,BARCELONA,8016
Palma de Mallorca,BALEARES,7002
SABADELL,BARCELONA,8208
IBIZA,BALEARES,7800
TERRASSA,BARCELONA,8221
BARCELONA,BARCELONA,8030
BADALONA,BARCELONA,8912
BARCELONA,BARCELONA,8012
TARRAGONA,TARRAGONA,43001
Petrer,ALICANTE,3610
Elche,ALICANTE,3205
Murcia,MURCIA,30006
Legan�s,MADRID,28916
Madrid,MADRID,28041
Madrid,MADRID,28045
Alcorc�n,MADRID,28922
Las Palmas de Gran Canaria,"PALMAS, LAS",35509
Madrid,MADRID,28013
Madrid,MADRID,28012
Talavera de la Reina,TOLEDO,45600
Segovia,SEGOVIA,40006
Colonia de las Mercedes,MADRID,28022
Madrid,MADRID,28054
vigo,PONTEVEDRA,36202
Coru�a (A),A CORU�A,15011
Cee,A CORU�A,15270
Santiago de Compostela,A CORU�A,15701
Ferrol,A CORU�A,15402
Nar�n,A CORU�A,15578
A CORU�A,A CORU�A,15006
A CORU�A,A CORU�A,15008
Coru�a A,A CORU�A,15004
Nigr�n,PONTEVEDRA,36370
Santiago de Compostela,A CORU�A,15703
A CORU�A,A CORU�A,15005
ORENSE,ORENSE,32003
A CORU�A,A CORU�A,15002
LUGO,LUGO,27001
TUY,PONTEVEDRA,36700
MOA�A,PONTEVEDRA,36950
CARBALLO,A CORU�A,15100
AS PONTES,A CORU�A,15320
CARBALLINO,ORENSE,32500
VIVERO,LUGO,27850
BURELA,LUGO,27880
CELANOVA,ORENSE,32800
LAL�N,PONTEVEDRA,36500
MONFORTE DE LEMOS,LUGO,27400
ORENSE,ORENSE,32002
LA GUARDIA,PONTEVEDRA,36780
REDONDELA,PONTEVEDRA,36800
PUENTEAREAS,PONTEVEDRA,36860
O GROVE,PONTEVEDRA,36980
CANGAS DE MORRAZO,PONTEVEDRA,36940
LA ESTRADA,PONTEVEDRA,36680
MAR�N,PONTEVEDRA,36900
ORENSE,ORENSE,32005
BAYONA,PONTEVEDRA,36300
VILLAGARC�A DE AROSA,PONTEVEDRA,36600
PONTEVEDRA,PONTEVEDRA,36003
FOZ,LUGO,27780
CAMBADOS,PONTEVEDRA,36630
LUGO,LUGO,27003
PADR�N,A CORU�A,15900
PORTONOVO,PONTEVEDRA,36970
ORENSE,ORENSE,32001
RIBADEO,LUGO,27700
BETANZOS,A CORU�A,15300
TOMI�O,PONTEVEDRA,36740
CALDAS DE REYES,PONTEVEDRA,36650
LA CORU�A,A CORU�A,15006
SANTIAGO DE COMPOSTELA,A CORU�A,15706
PONTEVEDRA,PONTEVEDRA,36001
PONTEVEDRA,PONTEVEDRA,36002
VIGO,PONTEVEDRA,36210
VIGO,PONTEVEDRA,36204
VIGO,PONTEVEDRA,36205
ARTEIXO,A CORU�A,15142
CULLEREDO,A CORU�A,15670
VIGO,PONTEVEDRA,36201
ORENSE,ORENSE,32004
MELIDE,A CORU�A,15800
PORRI�O,PONTEVEDRA,36400
SANTA EUGENIA DE RIVEIRA,A CORU�A,15960
BOIRO,A CORU�A,15930
NOYA,A CORU�A,15200
BERTAMIRAS AMES,A CORU�A,15220
XINZO DE LIMIA,ORENSE,32630
VER�N,ORENSE,32600
SANTIAGO DE COMPOSTELA,A CORU�A,15701
SANTIAGO DE COMPOSTELA,A CORU�A,15702
Villalba,LUGO,27800
GRANADA,GRANADA,18001
M�laga,MALAGA,29015
M�laga,MALAGA,29002
C�rdoba,CORDOBA,14010
Pulianas,GRANADA,18197
Escaldes-Engordany,EXTRANJERO,700
Pas de la Casa,EXTRANJERO,200
La Roca del Vall�s,BARCELONA,8430
Ordino,EXTRANJERO,300
Barcelona,BARCELONA,8032
Barcelona,BARCELONA,8007
Barcelona,BARCELONA,8002
Hospitalet de Llobregat,BARCELONA,8908
Barcelona,BARCELONA,8028
Barcelona,BARCELONA,8001
Barcelona,BARCELONA,8039
Barcelona,BARCELONA,8036
Abrera,BARCELONA,8630
Barber� del Vall�s,BARCELONA,8210
Cordovilla,NAVARRA,31191
Bilbao,VIZCAYA,48015
Huarte,NAVARRA,31620
Santander,CANTABRIA,39011
Castell�n,CASTELLON,12006
Valencia,VALENCIA,46011
Gand�a,VALENCIA,46700
Valencia,VALENCIA,46010
Torrent,VALENCIA,46900
Valencia,VALENCIA,46013
ALMER�A,ALMERIA,4004
Hu�rcal de Almer�a,ALMERIA,4230
HUERCAL DE ALMERIA,ALMERIA,4230
Roquetas de Mar,ALMERIA,4740
HUERCAL OVERA,ALMERIA,4600
MOJACAR,ALMERIA,4638
GARRUCHA,ALMERIA,4630
ADRA,ALMERIA,4770
BERJA,ALMERIA,4760
OLULA DEL R�O,ALMERIA,4860
VERA,ALMERIA,4620
CUEVAS DEL ALMANZORA,ALMERIA,4610
El Ejido,ALMERIA,4700
Almeria,ALMERIA,4004
BADAJOZ,BADAJOZ,6004
BADAJOZ,BADAJOZ,6011
TALAVERA LA REAL,BADAJOZ,6140
MONTIJO,BADAJOZ,6480
CASTUERA,BADAJOZ,6420
VILLANUEVA DE LA SERENA,BADAJOZ,6700
DON BENITO,BADAJOZ,6400
M�RIDA,BADAJOZ,6800
MELILLA,MELILLA,52001
EL PUERTO DE SANTA MAR�A,CADIZ,11500
EJEA DE LOS CABALLEROS,ZARAGOZA,50600
JEREZ DE LA FRONTERA,CADIZ,11401
C�DIZ,CADIZ,11008
ZARAGOZA,ZARAGOZA,50017
C�DIZ,CADIZ,11012
CALATAYUD,ZARAGOZA,50300
Zaragoza,ZARAGOZA,50002
C�DIZ,CADIZ,11011
C�DIZ,CADIZ,11010
CHICLANA,CADIZ,11130
Zaragoza,ZARAGOZA,50021
Chiclana,CADIZ,11130
TARIFA,CADIZ,11380
SAN ROQUE,CADIZ,11311
La L�nea de la Concepci�n,CADIZ,11300
ALGECIRAS,CADIZ,11204
JEREZ DE LA FRONTERA,CADIZ,11407
ROTA,CADIZ,11520
SANLUCAR DE BARRAMEDA,CADIZ,11540
ZARAGOZA,ZARAGOZA,50010
ZARAGOZA,ZARAGOZA,50001
ZARAGOZA,ZARAGOZA,50004
Zaragoza,ZARAGOZA,50001
UBRIQUE,CADIZ,11600
ZARAGOZA,ZARAGOZA,50008
Pina de Ebro,ZARAGOZA,50750
Arcos de la Frontera,CADIZ,11630
JEREZ DE LA FRONTERA,CADIZ,11405
SAN FERNANDO,CADIZ,11100
San Fernando,CADIZ,11100
S.PEDRO S.PABLO,TARRAGONA,43007
Almacelles,LLEIDA,25100
ZARAGOZA,ZARAGOZA,50016
ZARAGOZA,ZARAGOZA,50021
MAJADAHONDA,MADRID,28220
MADRID,MADRID,28013
MADRID,MADRID,28004
TORREJ�N DE ARDOZ,MADRID,28850
MADRID,MADRID,28020
MADRID,MADRID,28008
MADRID,MADRID,28046
LEGAN�S,MADRID,28916
MADRID,MADRID,28011
SAN SEBASTIAN DE LOS REYES,MADRID,28700
MADRID,MADRID,28054
ZARAGOZA,ZARAGOZA,50197
MADRID,MADRID,28051
CUENCA,CUENCA,16004
ALCAZAR DE SAN JUAN,CIUDAD REAL,13600
MADRID,MADRID,28029
ALCORC�N,MADRID,28920
MADRID,MADRID,28049
MADRID,MADRID,28037
ALCORC�N,MADRID,28924
MADRID,MADRID,28044
PUERTOLLANO,CIUDAD REAL,13500
PALENCIA,PALENCIA,34002
MOSTOLES,MADRID,28938
SANTA MARTA DE TORMES,SALAMANCA,37900
ZARAGOZA,ZARAGOZA,50009
ARANJUEZ,MADRID,28300
TORREJ�N DE ARDOZ,MADRID,28806
TALAVERA DE LA REINA,TOLEDO,45600
SAN LORENZO DEL ESCORIAL,MADRID,28200
TORRELODONES,MADRID,28250
BURGOS,BURGOS,9003
GETAFE,MADRID,28905
MADRID,MADRID,28027
MADRID,MADRID,28038
ARROYO DE LA ENCOMIENDA,VALLADOLID,47195
ALCALA DE HENARES,MADRID,28802
COSLADA,MADRID,28821
MADRID,MADRID,28050
MADRID,MADRID,28042
MADRID,MADRID,28023
ALCOBENDAS,MADRID,28100
FUENLABRADA,MADRID,28942
GETAFE,MADRID,28906
LAS ROZAS,MADRID,28230
MADRID,MADRID,28043
MADRID,MADRID,28032
MADRID,MADRID,28002
MADRID,MADRID,28015
POZUELO DE ALARC�N,MADRID,28223
RIVAS VACIAMADRID,MADRID,28529
TRES CANTOS,MADRID,28760
VALLADOLID,VALLADOLID,47014
VILLALBA,MADRID,28400
ARROYOMOLINOS,MADRID,28939
MADRID,MADRID,28030
MADRID,MADRID,28012
SAN SEBASTI�N DE LOS,MADRID,28700
TOLEDO,TOLEDO,45007
C�CERES,CACERES,10002
GUADALAJARA,GUADALAJARA,19002
MADRID,MADRID,28009
ALCORC�N,MADRID,28922
PINTO,MADRID,28320
MADRID,MADRID,28003
BOADILLA DEL MONTE,MADRID,28660
MADRID,MADRID,28019
PARLA,MADRID,28980
SEGOVIA,SEGOVIA,40001
POZUELO DE ALARC�N,MADRID,28224
MADRID,MADRID,28022
FUENLABRADA,MADRID,28941
ALCALA DE HENARES,MADRID,28805
VALDEMORO,MADRID,28760
VILLANUEVA DE LA CA�ADA,MADRID,28691
CIUDAD REAL,CIUDAD REAL,13004
Sobradiel,ZARAGOZA,50629
BAENA,CORDOBA,14850
VILLA DEL R�O,CORDOBA,14640
C�RDOBA,CORDOBA,14014
C�RDOBA,CORDOBA,14008
PALMA DEL R�O,CORDOBA,14700
C�RDOBA,CORDOBA,14005
C�RDOBA,CORDOBA,14010
C�RDOBA,CORDOBA,14009
C�RDOBA,CORDOBA,14011
C�rdoba,CORDOBA,14008
LUCENA,CORDOBA,14900
PUENTE GENIL,CORDOBA,14500
CABRA,CORDOBA,14940
Lucena (C�rdoba),CORDOBA,14900
C�RDOBA,CORDOBA,14012
C�RDOBA,CORDOBA,14001
CORDOBA,CORDOBA,14001
TELDE,"PALMAS, LAS",35218
SANTA LUC�A DE TIRAJANA (VECINDARIO),"PALMAS, LAS",35110
Arganda del Rey,MADRID,28500
VICALVARO,MADRID,28032
GRANADA,GRANADA,18014
ALBOLOTE,GRANADA,18220
PULIANAS,GRANADA,18197
GRANADA,GRANADA,18005
MARACENA,GRANADA,18200
GRANADA,GRANADA,18006
GRANADA,GRANADA,18008
GRANADA,GRANADA,18004
ARMILLA,GRANADA,18100
Orihuela,ALICANTE,3300
ALMU�ECAR,GRANADA,18690
Motril,GRANADA,18600
Granada,GRANADA,18008
Le�n,LEON,24005
Torrelavega,CANTABRIA,39300
Basauri,VIZCAYA,48970
Arrasate,GUIPUZCOA,20500
Huelva,HUELVA,21001
LA CORU�A,A CORU�A,15008
Lugo,LUGO,27004
Barbadas,ORENSE,32005
VALVERDE DEL CAMINO,HUELVA,21600
HUELVA,HUELVA,21006
HUELVA,HUELVA,21002
Valladolid,VALLADOLID,47014
M�stoles - El Soto,MADRID,28935
Zaragoza,ZARAGOZA,50011
Burgos,BURGOS,9006
Zamora,ZAMORA,49004
Valladolid,VALLADOLID,47008
Rivas Vaciamadrid,MADRID,28529
LEPE,HUELVA,21440
ISLA CRISTINA,HUELVA,21410
CARTAYA,HUELVA,21450
Campanar,VALENCIA,46015
Huelva,HUELVA,21006
PUNTA UMBR�A,HUELVA,21100
LA PALMA DEL CONDADO,HUELVA,21700
BOLLULLOS PAR DEL CONDADO,HUELVA,21710
MOGUER,HUELVA,21800
HUELVA,HUELVA,21003
HUELVA,HUELVA,21007
Las Palmas,"PALMAS, LAS",35019
Las Palmas,"PALMAS, LAS",35008
Las Palmas,"PALMAS, LAS",35010
Jin�mar,"PALMAS, LAS",35220
BAEZA,JAEN,23440
JODAR,JAEN,23100
JAEN,JAEN,23005
JA�N,JAEN,23001
JAEN,JAEN,23003
LA CAROLINA,JAEN,23200
LINARES,JAEN,23700
Oviedo,ASTURIAS,33429
Bilbao,VIZCAYA,48001
TORRE DON JIMENO,JAEN,23650
MARTOS,JAEN,23600
MANCHA REAL,JAEN,23100
BAILEN,JAEN,23710
�BEDA,JAEN,23400
JA�N,JAEN,23004
ANDUJAR,JAEN,23740
Porto,EXTRANJERO,4050
Murcia,MURCIA,30110
Churra - Murcia,MURCIA,30110
Aldaia,VALENCIA,46960
Valencia,VALENCIA,46015
Vila Nova de Gaia - Oporto,EXTRANJERO,8000
Lisboa,EXTRANJERO,8000
ALBACETE,ALBACETE,2007
Tejo,EXTRANJERO,8000
CUST�IAS MTS - Oporto,EXTRANJERO,8000
,SEVILLA,41004
FUENGIROLA,MALAGA,29640
Marbella,MALAGA,29602
M�rida,BADAJOZ,6800
Marbella,MALAGA,29600
Algeciras,MALAGA,11379
Marbella,MALAGA,29660
Sevilla,SEVILLA,41001
Sevilla,SEVILLA,41900
M�LAGA,MALAGA,29006
Sevilla,SEVILLA,41005
M�LAGA,MALAGA,29002
M�LAGA,MALAGA,29003
M�laga,MALAGA,29017
Palma de Mallorca,BALEARES,7011
Hospitalet de Llobregat,BARCELONA,8197
Barcelona,BARCELONA,8003
Matar�,BARCELONA,8304
Terrassa,BARCELONA,8017
Sant Cugat,BARCELONA,8190
Gav�,BARCELONA,8850
Palma de Mallorca,BALEARES,7010
Sant Cugat,BARCELONA,8174
Sabadell,BARCELONA,8202
Barcelona,BARCELONA,8012
Castelldefells,BARCELONA,8860
Barcelona,BARCELONA,8015
Malaga,MALAGA,29003
M�laga,MALAGA,29013
MARBELLA,MALAGA,29600
Barcelona,BARCELONA,8018
Batlloria - Badalona,BARCELONA,8916
Tarrasa,BARCELONA,8226
RINCON DE LA VICTORIA,MALAGA,29730
TORRE DEL MAR,MALAGA,29740
M�LAGA,MALAGA,29007
Velez-Malaga,MALAGA,29700
M�laga,MALAGA,29720
TORREMOLINOS,MALAGA,29620
MIJAS,MALAGA,29650
MIJAS COSTA,MALAGA,29649
Ronda,MALAGA,29400
,BARCELONA,8000
Badajoz,BADAJOZ,6010
MALAGA,MALAGA,29005
Los Barrios,CADIZ,11370
,BARCELONA,8002
Algeciras,CADIZ,11200
,BALEARES,7001
M�laga,MALAGA,29006
ALHAUR�N DE LA TORRE,MALAGA,29130
San Juan de Aznalfarache,SEVILLA,41920
CARTAMA ESTACI�N,MALAGA,29580
ALHAUR�N EL GRANDE,MALAGA,29120
CAMPANILLAS,MALAGA,29590
ESTEPONA,MALAGA,29680
MARBELLA,MALAGA,29660
Marbella,MALAGA,29670
M�LAGA,MALAGA,29010
LOS CRISTIANOS,SANTA CRUZ DE TENERIFE,38640
STA.CRUZ DE TENERIFE,SANTA CRUZ DE TENERIFE,38002
ARONA,SANTA CRUZ DE TENERIFE,38640
NERJA,MALAGA,29780
MADRID,MADRID,28036
Majadahonda,MADRID,28220
Zaragoza,ZARAGOZA,50015
Alcobendas,MADRID,28100
Madrid,MADRID,28032
Madrid,MADRID,28230
Fuenlabrada,MADRID,28290
Madrid,MADRID,28008
Madrid,MADRID,28001
Madrid,MADRID,28939
Vallecas,MADRID,28016
Madrid,MADRID,28050
Getafe,MADRID,28096
Valladolid,VALLADOLID,47610
Arroyo de la Vega,MADRID,28108
Madrid,MADRID,28223
Rivas-vaciamadrid Arganda,MADRID,28529
Legan�s,MADRID,28044
Madrid,MADRID,28022
Madrid,MADRID,28043
Madrid,MADRID,28000
Zaragoza,ZARAGOZA,50197
,MADRID,28012
Toledo,TOLEDO,45001
,ZARAGOZA,50005
,SALAMANCA,37008
,MADRID,28029
,MADRID,28022
,MADRID,28043
,MADRID,28916
,MADRID,28108
,MADRID,28000
LEBRIJA,SEVILLA,41740
LAS CABEZAS DE SAN JUAN,SEVILLA,41730
LOS PALACIOS,SEVILLA,41720
Sevilla,SEVILLA,41008
SEVILLA,SEVILLA,41003
CAMAS,SEVILLA,41900
TOMARES,SEVILLA,41940
BORMUJOS,SEVILLA,41930
CASTILLEJA DE LA CUESTA,SEVILLA,41950
MAIRENA DEL ALCOR,SEVILLA,41510
EL VISO DEL ALCOR,SEVILLA,41520
CARMONA,SEVILLA,41410
Sevilla,SEVILLA,41020
SEVILLA,SEVILLA,41013
ALCAL� DE GUADAIRA,SEVILLA,41500
SEVILLA,SEVILLA,41005
SEVILLA,SEVILLA,41002
SEVILLA,SEVILLA,41018
ESTEPA,SEVILLA,41560
OSUNA,SEVILLA,41640
MARCHENA,SEVILLA,41620
ARAHAL,SEVILLA,41600
SAN JOS� DE LA RINCONADA,SEVILLA,41300
SEVILLA,SEVILLA,41010
LA ALGABA,SEVILLA,41980
BARCELONA,BARCELONA,8034
HOSPITALET DE LLOBREGAT,BARCELONA,8908
FIGUERES,GIRONA,17600
SANT CUGAT DEL VALLES,BARCELONA,8172
SEVILLA,SEVILLA,41011
MATARO,BARCELONA,8304
PALMA MALLORCA,BALEARES,7015
TERRASA,BARCELONA,8223
TARRAGONA,TARRAGONA,43006
CORNELLA DE LLOBREGAT,BARCELONA,8940
SABADELL,BARCELONA,8205
PALMA MALLORCA,BALEARES,7141
PALMA MALLORCA,BALEARES,7010
SALT,GIRONA,17190
GAVA,BARCELONA,8850
ALICANTE,ALICANTE,3000
BARCELONA,BARCELONA,8021
BADALONA,BARCELONA,8911
BARCELONA,BARCELONA,8004
MURCIA,MURCIA,30110
SEVILLA,SEVILLA,41008
MURCIA,MURCIA,30004
SAN JAVIER,MURCIA,30730
SEVILLA,SEVILLA,41007
ORIHUELA,ALICANTE,3189
ALICANTE,ALICANTE,3015
ALICANTE,ALICANTE,3690
BENIDORM,ALICANTE,3502
LORCA,MURCIA,30814
CARTAGENA,MURCIA,30203
PORTUGALETE,VIZCAYA,48290
MALIA�O,CANTABRIA,39600
PAMPLONA,NAVARRA,31191
VITORIA,ALAVA,1013
LE�N,LEON,24010
OVIEDO,ASTURIAS,33510
SAN SEBASTI�N,GUIPUZCOA,20002
CORIA DEL R�O,SEVILLA,41100
SAN JUAN DE AZNALFARACHE,SEVILLA,41920
BURGOS,BURGOS,9006
CIUDAD REAL,CIUDAD REAL,13005
PARIS,EXTRANJERO,77700
PORTUGAL,EXTRANJERO,0
SAN SEBASTI�N DE LOS REYES,MADRID,28707
MADRID,MADRID,28906
MADRID,MADRID,28223
BENIDORM,ALICANTE,3509
LA PUEBLA DEL R�O,SEVILLA,41130
SEVILLA,SEVILLA,41006
SEVILLA,SEVILLA,41004
DOS HERMANAS,SEVILLA,41500
UTRERA,SEVILLA,41710
DOS HERMANAS,SEVILLA,41089
VALENCIA,VALENCIA,46980
GAND�A,VALENCIA,46701
L�ELIANA,VALENCIA,46183
BURRIANA,CASTELLON,12540
VILLARREAL,CASTELLON,12540
MOR�N DE LA FRONTERA,SEVILLA,41530
DOS HERMANAS,SEVILLA,41700
ALZIRA,VALENCIA,46600
VALENCIA,VALENCIA,46910
VALENCIA,VALENCIA,46010
VALENCIA,VALENCIA,46005
VALENCIA,VALENCIA,46002
EL SALER,VALENCIA,46013
XATIVA,VALENCIA,46800
L�RIDA,LLEIDA,25008
MADRID,MADRID,28028
TORREJON DE ARDOZ,MADRID,28850
MADRID,MADRID,28006
LEGAN�S,MADRID,28918
LEGAN�S,MADRID,28016
MADRID,MADRID,28034
VALDEMORO,MADRID,28340
MADRID,MADRID,28026
COLLADO VILLALBA,MADRID,28400
ARAVACA,MADRID,28023
VILAFRANCA,BARCELONA,8720
MADRID,MADRID,28000
MOSTOLES,MADRID,28935
PLASENCIA,CACERES,10600
SAN SEBASTIAN DE LOS REYES,MADRID,28702
SEGOVIA,SEGOVIA,40002
ALCAL� DE HENARES,MADRID,28805
MERIDA,BADAJOZ,6800
SAN PABLO,SEVILLA,41020
MALAGA,MALAGA,29006
JAEN,JAEN,23009
JEREZ DE LA FRONTERA,CADIZ,11408
ALGECIRAS,CADIZ,11370
VALLADOLID,VALLADOLID,47012
VALLADOLID,VALLADOLID,47006
AREVALO,AVILA,5200
DONOSTI,GUIPUZCOA,20004
Usurbil,GUIPUZCOA,20170
ORENSE,ORENSE,32890
PONTEVEDRA,PONTEVEDRA,36143
SAN SEBASTIAN,GUIPUZCOA,20006
Espinosa de los Caballeros,AVILA,5296
Valladolid,VALLADOLID,47001
LAS PALMAS,"PALMAS, LAS",35007
LAS PALMAS,"PALMAS, LAS",35013
LAS PALMAS,"PALMAS, LAS",35008
LA BA�EZA,LEON,24750
VITORIA,ALAVA,1008
LLEIDA,LLEIDA,25008
OVIEDO,ASTURIAS,33011
OVIEDO,ASTURIAS,33010
Valladolid,VALLADOLID,47004
Madrid,MADRID,28009
Madrid,MADRID,28006
ALMER�A,ALMERIA,4009
ALMER�A,ALMERIA,4005
PUERTO DE SANTA MARIA,CADIZ,11500
CADIZ,CADIZ,11500
C�RDOBA,CORDOBA,14006
LA ZUBIA,GRANADA,18140
GRANADA,GRANADA,18197
MALAGA,MALAGA,29140
MALAGA,MALAGA,29016
MARBELLA,MALAGA,29603
MAIRENA DE ALJARAFE,SEVILLA,41927
ECIJA,SEVILLA,41400
SEVILLA,SEVILLA,41020
SEVILLA,SEVILLA,41001
BARCELONA,BARCELONA,8009
Ibiza,BALEARES,7500
Barcelona,BARCELONA,8034
SANT CARLES DE LA R�PITA,TARRAGONA,43560
AMPOSTA,TARRAGONA,43870
A Coru�a,A CORU�A,15003
Oviedo,ASTURIAS,33006
Gij�n,ASTURIAS,33201
ALCORC�N,MADRID,28921
Alcorcon,MADRID,28922
ALCORC�N,MADRID,28925
FUENLABRADA,MADRID,28945
Fuenlabrada,MADRID,28941
Oviedo,ASTURIAS,33010
MAJADAHONDA,MADRID,28222
Pozuelo de Alarcon,MADRID,28224
Arenys de Mar,BARCELONA,8350
Badalona,BARCELONA,8911
Aranjuez,MADRID,28300
CIEMPOZUELOS,MADRID,28350
Parla,MADRID,28980
Parla,MADRID,28892
Leganes,MADRID,28911
LEGAN�S,MADRID,28914
GETAFE,MADRID,28901
Barcelona,BARCELONA,8004
Gava,BARCELONA,8850
PALMA DE MALLORCA,BALEARES,7006
MADRID,MADRID,28014
COLMENAR VIEJO,MADRID,28770
ALCALA DE HENARES,MADRID,28000
CEUTA,CEUTA,51001
Eibar,GUIPUZCOA,20600
MIRANDA DE EBRO,BURGOS,9200
BURGOS,BURGOS,9004
ARANDA DE DUERO,BURGOS,9400
LOS BARRIOS,CADIZ,11370
Los Barrios (C�diz),CADIZ,11379
ARACENA,HUELVA,21200
SORIA,SORIA,42190
SORIA,SORIA,42001
BURGOS,BURGOS,9007
BURGOS,BURGOS,9002
VIANA,NAVARRA,31230
TUDELA,NAVARRA,31500
Tudela,NAVARRA,31500
HARO,"RIOJA, LA",26200
ARNEDO,"RIOJA, LA",26250
CALAHORRA,"RIOJA, LA",26500
LOGRO�O,"RIOJA, LA",26005
LOGRO�O,"RIOJA, LA",26002
BARAKALDO,VIZCAYA,48903
CORDOVILLA,NAVARRA,31191
VITORIA-GASTEIZ,ALAVA,1013
Quintanapalla,BURGOS,9290
ZARAGOZA,ZARAGOZA,50018
ARROYO LA ENCOMIENDA,VALLADOLID,47195
VALENCIA,VALENCIA,46013
MOTA DEL CUERVO,CUENCA,16630
TARANC�N,CUENCA,16400
MOTILLA DEL PALANCAR,CUENCA,16200
Cuenca,CUENCA,16004
Cuenca,CUENCA,16002
QUINTANAR DE LA ORDEN,TOLEDO,45800
VILLACA�AS,TOLEDO,45860
TOMELLOSO,CIUDAD REAL,13700
VALDEPE�AS,CIUDAD REAL,13300
MANZANARES,CIUDAD REAL,13200
Puertollano,CIUDAD REAL,13500
Ciudad Real,CIUDAD REAL,13001
Puerto Lapice,CIUDAD REAL,13650
CIUDAD REAL,CIUDAD REAL,13001
MALAGA,MALAGA,29002
Vilanova i la Geltr�,BARCELONA,8800
TORO,ZAMORA,49800
ZAMORA,ZAMORA,49018
Zamora,ZAMORA,49003
SALAMANCA,SALAMANCA,37007
CIUDAD RODRIGO,SALAMANCA,37500
SALAMANCA,SALAMANCA,37002
Santa Marta de Tormes,SALAMANCA,37900
SALAMANCA,SALAMANCA,37005
SALAMANCA,SALAMANCA,37004
Salamanca,SALAMANCA,37002
�VILA,AVILA,5001
�vila,AVILA,5004
VALLADOLID,VALLADOLID,47013
VALLADOLID,VALLADOLID,47007
VALLADOLID,VALLADOLID,47005
VALLADOLID,VALLADOLID,47002
VALLADOLID,VALLADOLID,47010
MEDINA DEL CAMPO,VALLADOLID,47400
VALLADOLID,VALLADOLID,47001
Banyeres del Penedes,TARRAGONA,43005
Alfes,LLEIDA,25161
Alfes,LLEIDA,25162
MONTBLANC,BARCELONA,8000
MONTBLANC,TARRAGONA,43005
TEI�,BARCELONA,8100
TEI�,BARCELONA,8000
Castellbisbal,TARRAGONA,43000
Castellbisbal,BARCELONA,8755
Bellaterra,BARCELONA,8100
CASTELLBISBAL,BARCELONA,8100
GUADARRAMA,MADRID,28440
Torrelodones,MADRID,28250
Aeropuerto del Matorral,"PALMAS, LAS",35610
Toledo,TOLEDO,45007
Pinto,MADRID,28320
LA FELGUERA,ASTURIAS,33930
SOTRONDIO,ASTURIAS,33950
BLIMEA,ASTURIAS,33960
GIJON,ASTURIAS,33208
GIJON,ASTURIAS,33207
GIJON,ASTURIAS,33205
NORE�A,ASTURIAS,33180
NAVA,ASTURIAS,33520
INFIESTO,ASTURIAS,33530
VALENCIA,VALENCIA,46021
GETAFE,MADRID,28902
M�STOLES,MADRID,28937
MADRID,MADRID,28016
MADRID,MADRID,28701
MADRID,MADRID,28001
CORDOBA,CORDOBA,14002
CORDOBA,CORDOBA,14010
JEREZ,CADIZ,11407
JAEN,JAEN,23001
MALAGA,MALAGA,29015
MALAGA,MALAGA,29631
SEVILLA,SEVILLA,41012
ALMONTE,HUELVA,21730
ALCAL� LA REAL,JAEN,23680
OLIVENZA,BADAJOZ,6100
Madrid,MADRID,21000
ROQUETAS DE MAR,ALMERIA,4740
AGUADULCE,ALMERIA,4720
CAMPOHERMOSO,ALMERIA,4100
ALMER�A,ALMERIA,4006
EL EJIDO,ALMERIA,4700
Almer�a,ALMERIA,4004
CORU�A,A CORU�A,15000
FERROL,A CORU�A,15000
ARTEIXO,A CORU�A,15000
CARBALLO,A CORU�A,15000
Sant Boi de Llobregat,BARCELONA,8830
Sabadell,BARCELONA,8204
Cornell� de Llobregat,BARCELONA,8940
Sant Cugat del Vall�s,BARCELONA,8190
ESCALDES-ENGORDANY,EXTRANJERO,700
ORDINO,EXTRANJERO,300
El Prat de Llobregat,BARCELONA,8820
Ma�,BALEARES,7700
Cordoba,CORDOBA,14008
Malaga,MALAGA,29007
Cornell�,BARCELONA,8940
Sabadell,BARCELONA,8206
Barcelona,BARCELONA,8019
L'Hospitalet de Llobregat,BARCELONA,8900
Ma�anet de la Selva,GIRONA,17185
MASSANET DE LA SELVA,BARCELONA,8000
Llinars del Vall�s,BARCELONA,8450
Santa Perpetura de la Moguda,BARCELONA,8000
Santa Perpetua de la Moguda,BARCELONA,8000
BANYOLES,GIRONA,17820
COSLADA,MADRID,28800
Coslada,MADRID,28820
Torrej�n De Ardoz,MADRID,28850
Gand�a,VALENCIA,46702
L'Hospitalet de Llobregat,BARCELONA,8901
Lleida,LLEIDA,25003
Girona,GIRONA,17002
Manresa,BARCELONA,8242
Sabadell,BARCELONA,8207
Santa Coloma de Gramenet,BARCELONA,8922
PRAT DE LLOBREGAT,BARCELONA,8820
C�rdoba,CORDOBA,14007
Sant Andreu de la Barca,BARCELONA,8740
LUGONES,ASTURIAS,33420
Sevilla,SEVILLA,41002
Bilbao,VIZCAYA,48009
Gij�n,ASTURIAS,33208
Valencia,VALENCIA,46003
Estoril,EXTRANJERO,2775
Lisboa,EXTRANJERO,1500
Lisboa,EXTRANJERO,1900
Campanha,EXTRANJERO,4435
Joao da Madeira,EXTRANJERO,0
Bragan�a,EXTRANJERO,6000
CANOVELLES,BARCELONA,8420
LLI�A DE MUNT,BARCELONA,8186
Riello Viterbo,EXTRANJERO,1100
Roma,EXTRANJERO,191
Castel Romano,EXTRANJERO,128
Fiumicino,EXTRANJERO,54
Roma,EXTRANJERO,165
Vimercate,EXTRANJERO,20059
Lunghezza,EXTRANJERO,100
Guidonia Montecelio,EXTRANJERO,12
Ferrol,A CORU�A,15401
Vilagarcia de Arousa,PONTEVEDRA,36600
Las Rozas,MADRID,28232
Zaragoza,ZARAGOZA,50009
Madrid,MADRID,28029
Murcia,MURCIA,30009
VINAR�S,CASTELLON,12500
CORNELL�,BARCELONA,8940
LA SEU D'URGELL,LLEIDA,25700
L'HOSPITALET DE LLOBREGAT,BARCELONA,8901
FRAGA,HUESCA,22520
REUS,TARRAGONA,43204
REUS,TARRAGONA,43201
VILA-SECA,TARRAGONA,43480
SANT SADURNI D'ANOIA,BARCELONA,8770
RUBI,BARCELONA,8191
CASTELLAR DEL VALL�S,BARCELONA,8211
L'HOSPITALET DE LLOBREGAT,BARCELONA,8906
STA PERPETUA DE LA MOGODA,BARCELONA,8130
MANRESA,BARCELONA,8241
SABADELL,BARCELONA,8203
CUBELLES,BARCELONA,8880
SANTA COLOMA DE GRAMENET,BARCELONA,8922
MONTCADA I REIXAC,BARCELONA,8110
VILANOVA i LA GELTR�,BARCELONA,8800
VILAFRANCA DEL PENED�S,BARCELONA,8720
BARCELONA,BARCELONA,8026
LA GARRIGA,BARCELONA,8530
PINEDA,BARCELONA,8397
BARCELONA,BARCELONA,8006
BARCELONA,BARCELONA,8037
GIRONA,GIRONA,17005
BARCELONA,BARCELONA,8024
PADRON,A CORU�A,15900
VALLADOLID,VALLADOLID,47003
BARCELONA,BARCELONA,8014
LA BISBAL D'EMPORD�,GIRONA,17100
VIELHA,LLEIDA,25530
SANT CUGAT DEL VALL�S,BARCELONA,8172
BARCELONA,BARCELONA,8027
PARETS DEL VALLES,BARCELONA,8150
BARCELONA,BARCELONA,8023
SANT FELIU DE LLOBREGAT,BARCELONA,8980
TORDERA,BARCELONA,8490
SANT FELIU DE GU�XOLS,GIRONA,17220
SANTA COLOMA DE GRAMENET,BARCELONA,8924
SANT JOAN DESPI,BARCELONA,8970
L'HOSPITALET DE LLOBREGAT,BARCELONA,8905
LLEIDA,LLEIDA,25199
SABADELL,BARCELONA,8201
MASIDE,ORENSE,32570
Madrid,MADRID,28042
Alcorcon,MADRID,28925
Pozuelo de Alarcon,MADRID,28000
Madrid,MADRID,28003
ANDORRA,BARCELONA,8000
ANDORRA,BARCELONA,8018
ANDORRA,BARCELONA,8019
ANDORRA,BARCELONA,8017
ANDORRA,BARCELONA,8016
LARACHA,A CORU�A,15145
BAIO,A CORU�A,15150
CEE,A CORU�A,15270
SAN XENXO,PONTEVEDRA,0
A RAMALLOSA,PONTEVEDRA,36350
VIVERO (LU,LUGO,27850
Las Palmas de Gran Canaria,"PALMAS, LAS",35220
Madrid,MADRID,28046
Burgo,A CORU�A,15670
Mog�n,"PALMAS, LAS",35120
Madrid,MADRID,28036
LAS ROZAS,MADRID,28231
Galapagar,MADRID,28260
GETAFE,MADRID,28900
Getafe,MADRID,28906
Cartagena,MURCIA,30201
Boadilla del Monte,MADRID,28660
PALAMOS,GIRONA,17230
TOSSA DE MAR,GIRONA,17320
L�HOSPITALET DE LLOBREGAT,BARCELONA,8908
SANT CUGAT DEL VALL�S,BARCELONA,8035
Coru�a,A CORU�A,15000
ANDORRA,BARCELONA,8003
ANDORRA,BARCELONA,8013
ANDORRA,BARCELONA,8012
ANDORRA,BARCELONA,8009
ANDORRA,BARCELONA,8002
ANDORRA,BARCELONA,8015
PAS DE LA CASA,EXTRANJERO,200
CANET DE MAR,BARCELONA,8360
El Prat del Llobregat,BARCELONA,8820
CALELLA DE MAR,BARCELONA,8370
Barcelona,BARCELONA,8027
Algeciras,CADIZ,11207
ALGECIRAS,CADIZ,11201
Jerez de la Frontera,CADIZ,11405
Vigo,PONTEVEDRA,36203
Granada,GRANADA,18004
Hospitalet de Llobregat,BARCELONA,8902
ANDORRA,BARCELONA,8005
ANDORRA,BARCELONA,8004
Mijas,MALAGA,29650
El Prat de Llobregat,BARCELONA,8000
Santiago,A CORU�A,15706
Vigo,PONTEVEDRA,36000
Pontevedra,PONTEVEDRA,36002
A G�ndara. Nar�n.,A CORU�A,15570
A G�ndara. Nar�n,A CORU�A,15570
ANDORRA,BARCELONA,8024
ANDORRA,BARCELONA,8026
ANDORRA,BARCELONA,8001
GIRONA,GIRONA,17003
CELRA,GIRONA,17460
ANGL�S,GIRONA,17160
Vilajoan,GIRONA,17185
Vilajoan,GIRONA,17773
Valencia,VALENCIA,46021
C�CERES,CACERES,10001
Plasencia,CACERES,10600
C�ceres,CACERES,10002
Barcelona,BARCELONA,8100
ALCAL� DE HENARES,MADRID,28806
SAN FERNANDO DE HENARES,MADRID,28830
ALCAL� DE HENARES,MADRID,28803
JACA,HUESCA,22700
HUESCA,HUESCA,22002
BARBASTRO,HUESCA,22300
MONZ�N,HUESCA,22400
Huesca,HUESCA,22006
Fraga,HUESCA,22520
ZARAGOZA,ZARAGOZA,50007
Zaragoza,ZARAGOZA,50004
PE�ARROYA,CORDOBA,14200
POZOBLANCO,CORDOBA,14400
PRIEGO DE C�RDOBA,CORDOBA,14800
AGUILAR DE LA FRONTERA,CORDOBA,14920
MONTILLA,CORDOBA,14550
ANDORRA,BARCELONA,8006
ANDORRA,BARCELONA,8025
ANDORRA,BARCELONA,8008
ANDORRA,BARCELONA,8020
ANDORRA,BARCELONA,8014
ANDORRA,BARCELONA,8023
ANDORRA,BARCELONA,8011
ANDORRA,BARCELONA,8021
ANDORRA,BARCELONA,8022
ANDORRA,BARCELONA,8007
ANDORRA,BARCELONA,8010
PALENCIA,PALENCIA,34001
Palencia,PALENCIA,34001
PALENCIA,PALENCIA,34000
Santa Coloma,BARCELONA,8921
VILLAVICIOSA DE OD�N,MADRID,28670
MADRID_ORENSE,MADRID,28020
CADIZ,CADIZ,11000
MALAGA,MALAGA,29000
VALLADOLID,VALLADOLID,47004
LAGUNA DE DUERO,VALLADOLID,0
VALLADOLID,VALLADOLID,47009
VALLADOLID,VALLADOLID,4701
SEVILLA,SEVILLA,41000
VALDEMORO,MADRID,28341
LEGAN�S,MADRID,28915
HUMANES,MADRID,28970
EL PLANTIO,MADRID,28023
M�STOLES,MADRID,28931
Barcelona,BARCELONA,8022
Rub�,BARCELONA,8191
Matar�,BARCELONA,8301
Barcelona,BARCELONA,8021
Cerdanyola del Vall�s,BARCELONA,8290
Sabadell,BARCELONA,8021
Cornell� de Llobregat,BARCELONA,8040
l'Hospitalet de Llobregat,BARCELONA,8902
VILASECA,TARRAGONA,43480
VALLS,TARRAGONA,43800
Altafulla,TARRAGONA,43005
Madrid,MADRID,28016
GUADIX,GRANADA,18500
LOJA,GRANADA,18300
BAZA,GRANADA,18800
Granada,GRANADA,18001
FERROL,A CORU�A,15405
FERROL,A CORU�A,15403
NAR�N,A CORU�A,15575
LA GRANJA (TARRAGONA),TARRAGONA,43006
Vilanova i la Geltru,BARCELONA,8800
A POBRA DO CARAMI�AL,A CORU�A,15940
RIVEIRA,A CORU�A,15960
RIVEIRA,A CORU�A,15975
VILAGARCIA DE AROUSA,PONTEVEDRA,36600
VILLALBA,LUGO,27800
Cobres,PONTEVEDRA,36142
VIGO,PONTEVEDRA,36211
Cambrils,TARRAGONA,43850
MADRID,MADRID,28024
ARANJUEZ (MADRID),MADRID,28300
VILLARUBIA DE LOS OJOS,CIUDAD REAL,13670
DAIMIEL,CIUDAD REAL,13250
BOLA�OS DE CALATRAVA,CIUDAD REAL,13260
Vigo,PONTEVEDRA,36201
MADRIDEJOS,TOLEDO,45710
Olias del Rey,TOLEDO,45280
TOLEDO,TOLEDO,45004
ERANDIO (ASTRABUDUA),VIZCAYA,48950
SIGUENZA,GUADALAJARA,19250
GUADALAJARA,GUADALAJARA,19001
Guadalajara,GUADALAJARA,19001
Matar�,BARCELONA,8302
Madrid,MADRID,28004
Madrid,MADRID,28020
Madrid,MADRID,28660
Majadahonda,MADRID,28222
Valencia,VALENCIA,46005
Belinchon,CUENCA,16470
Madrid,MADRID,28025
MORA D'EBRE,TARRAGONA,43740
BADALONA,BARCELONA,8913
MORA,TOLEDO,45400
TORRIJOS,TOLEDO,45500
ILLESCAS,TOLEDO,45200
ALCALA DE HENARES,MADRID,28801
Mollerussa,LLEIDA,25230
Lleida,LLEIDA,25004
Torreferrera,LLEIDA,25123
T�rrega,LLEIDA,25300
Lleida,LLEIDA,25001
Alcoletge,LLEIDA,25660
Lleida,LLEIDA,25005
Balaguer,LLEIDA,25600
Portugalete,VIZCAYA,48920
BADAJOZ,BADAJOZ,6010
ALCORCON,MADRID,28923
MADRID,MADRID,28021
MADRID,MADRID,28025
MADRID,MADRID,28045
Madrid,MADRID,28026
Madrid,MADRID,28019
SOTILLO DE LA ADRADA,AVILA,5420
ARENAS DE SAN PEDRO,AVILA,5400
CANDELEDA,AVILA,5480
AZUQUECA,GUADALAJARA,19200
Guadalajara,GUADALAJARA,19002
Madrid,MADRID,28015
Pozuelo,MADRID,28233
Las Rozas,MADRID,28230
La Moraleja,MADRID,28109
Pozuelo,MADRID,28244
MADRID,MADRID,28017
LLEIDA,LLEIDA,25006
EL BARCO DE VALDEORRAS,ORENSE,32300
Berga,BARCELONA,8600
ANTEQUERA,MALAGA,29200
BENALMADENA,MALAGA,29630
Malaga,MALAGA,29011
Benalmadena,MALAGA,29630
Benalm�dena (Arroyo de la miel),MALAGA,29631
LA CORU�A,A CORU�A,15005
VERIN,ORENSE,32600
LA CORU�A,A CORU�A,15003
LA CORU�A,A CORU�A,15010
LA CORU�A,A CORU�A,15004
MONFORTE,LUGO,27400
BARCO VALDEORRAS,ORENSE,0
TEST,MADRID,28000
LALIN,PONTEVEDRA,0
MADRID,MADRID,28053
MADRID,MADRID,28031
Madrid,MADRID,28038
MADRID,MADRID,28007
MADRID,MADRID,28005
Madrid,MADRID,28030
Madrid,MADRID,28005
LEON,LEON,24002
Altafulla,TARRAGONA,43000
SEGOVIA,SEGOVIA,40006
CUELLAR,SEGOVIA,40200
Segovia,SEGOVIA,40002
Granada,GRANADA,18005
AZUAGA,BADAJOZ,6920
ALMENDRALEJO,BADAJOZ,6200
LLERENA,BADAJOZ,6900
VILLAFRANCA DE LOS BARROS,BADAJOZ,6220
GUADALAJARA,GUADALAJARA,19004
�vila,AVILA,5001
O BURGO,A CORU�A,0
Madrid,MADRID,28002
MADRID,MADRID,28035
CEDEIRA,A CORU�A,15350
Mostoles,MADRID,28931
VALENCIA,VALENCIA,46006
Alcal� de Henares,MADRID,28804
Madrid,MADRID,28010
Fuentidue�a del Tajo,MADRID,28597
El Altet,ALICANTE,3071
M�LAGA,MALAGA,29004
GARRIGAS,BARCELONA,8000
Madrid - carrada Abril 2013,MADRID,28000
Barajas,MADRID,28042
PUIGCERDA,GIRONA,17520
Aventel,MADRID,28000
Salesland,MADRID,28000
Barcelona,BARCELONA,8901
,MALAGA,29004
AG�IMES,"PALMAS, LAS",35119
MOLINS DE REI,BARCELONA,8750
BARBERA DEL VALLES,BARCELONA,8210
MOLLET DEL VALLES,BARCELONA,8100
BARCELONA,BARCELONA,8042
SANT CUGAT DEL VALLES,BARCELONA,8190
PALMA DE MALLORCA,BALEARES,7009
LA ROCA DEL VALLES,BARCELONA,8430
BARCELONA,BARCELONA,8040
MARTORELL,BARCELONA,8760
MANRESA,BARCELONA,8243
REUS,TARRAGONA,43206
FUENLABRADA,MADRID,28946
ALCORCON,MADRID,28922
COSLADA,MADRID,28820
LEGANES,MADRID,28914
AVILA,AVILA,5002
CUENCA,CUENCA,16002
CACERES,CACERES,10005
LOGRO�O,"RIOJA, LA",26004
BURGOS,BURGOS,9001
PALENCIA,PALENCIA,34003
BEJAR,SALAMANCA,37700
ZAMORA,ZAMORA,49025
ZARAGOZA,ZARAGOZA,50013
BINEFAR,HUESCA,22500
ZARAT�N,VALLADOLID,47610
ZARAGOZA,ZARAGOZA,50012
VILLARES DE LA REINA,SALAMANCA,37184
SABI�ANIGO,HUESCA,22600
MADRID,MADRID,28041
VALENCIA,VALENCIA,46001
ALCOY,ALICANTE,3804
ESPINARDO,MURCIA,30100
MEDIA SALA (CARTAGENA),MURCIA,30310
VALENCIA,VALENCIA,46022
VALENCIA,VALENCIA,46025
ALCIRA,VALENCIA,46600
GANDIA,VALENCIA,46700
TERUEL,TERUEL,44195
VALENCIA,VALENCIA,46014
JATIVA,VALENCIA,46800
VINAROS,CASTELLON,12500
VALENCIA,VALENCIA,46026
LA LAGUNA,SANTA CRUZ DE TENERIFE,38108
SANTA CRUZ DE TENERIFE,SANTA CRUZ DE TENERIFE,38010
TE SIN FEE,MADRID,28000
Cititeam,MADRID,28000
LA OROTAVA,SANTA CRUZ DE TENERIFE,38312
FERROL,A CORU�A,15407
SANTIAGO DE COMPOSTELA,A CORU�A,15864
SANTIAGO DE COMPOSTELA,A CORU�A,15890
PONTEVEDRA,PONTEVEDRA,36164
VIGO,PONTEVEDRA,36214
PORCEYO (GIJON),ASTURIAS,33392
GIJ�N,ASTURIAS,33211
CAMPONARAYA-PONFERRAD,LEON,24410
LAS PALMAS DE GRAN CANARIA,"PALMAS, LAS",35014
BADAJOZ,BADAJOZ,6008
PE�ARROYA-PUEBLO NUEVO,CORDOBA,14200
MOTRIL,GRANADA,18600
MALAGA,MALAGA,29010
MALAGA,MALAGA,29004
MELILLA,MELILLA,52006
DOS HERMANAS,SEVILLA,41703
ALCALA DE GUADAIRA,SEVILLA,41500
VITORIA,ALAVA,1007
COLINDRES,CANTABRIA,39750
CARTES,CANTABRIA,39311
"PE�ACASTILLO, SANTANDER",CANTABRIA,39011
SAN SEBASTIAN,GUIPUZCOA,20018
PAMPLONA,NAVARRA,31013
CORDOVILLA(PAMPLONA),NAVARRA,31191
PAMPLONA / BURLADA,NAVARRA,31600
BILBAO,VIZCAYA,48013
SANTA CRUZ DE TENERIFE,SANTA CRUZ DE TENERIFE,38110
Alcobendas,MADRID,28108
Contesta,MADRID,28000
SANTIAGO DE COMPOSTELA,A CORU�A,15703
FORNELLS DE LA SELVA,GIRONA,17458
BADALONA,BARCELONA,8915
Badalona,BARCELONA,8915
Barajas,MADRID,28000
TERRASSA,BARCELONA,8223
LAS PALMAS DE G.C.,"PALMAS, LAS",35014
TORRENT,VALENCIA,46026
SANTA CRUZ DE TENERIFE,SANTA CRUZ DE TENERIFE,38107
PALMA DE MALLORCA,BALEARES,7008
INCA,BALEARES,17300
Sestao,VIZCAYA,48910
Vitoria-Gasteiz,ALAVA,1013
Gij�n,ASTURIAS,33213
Lugones,ASTURIAS,33420
Donostia,GUIPUZCOA,20015
Aviles,ASTURIAS,33410
El Pinar de las Rozas,MADRID,28230
Legan�s,MADRID,28918
Salcedo,PONTEVEDRA,36143
Barrio de la Luz Xirivella,VALENCIA,46014
La L�nea,CADIZ,11300
Granada,GRANADA,18006
San Vicente,ALICANTE,3690
San Juan,ALICANTE,3550
Corrales-Aljaraque,HUELVA,21110
Dos Hermanas,SEVILLA,41700
El Prat,BARCELONA,8820
Tarrasa,BARCELONA,8228
Tarragona,TARRAGONA,43080
BARAKALDO,VIZCAYA,48906
SANTA CRUZ DE LA PALMA,SANTA CRUZ DE TENERIFE,38700
Pozuelo de Alarc�n,MADRID,28223
OLEIROS,A CORU�A,0
Sevilla,SEVILLA,41013
VILLAJOYOSA,ALICANTE,3570
,ALICANTE,3502
MADRID,MADRID,28010
Andorra,BARCELONA,8000
AVIL�S,ASTURIAS,33400
PRAVIA,ASTURIAS,33120
AVIL�S,ASTURIAS,33402
AVIL�S,ASTURIAS,33405
OVIEDO,ASTURIAS,33004
CASTELLON,CASTELLON,12002
RIBA ROJA,VALENCIA,46190
CARLET,VALENCIA,46240
ALCUDIA,VALENCIA,46250
ALGEMESI,VALENCIA,46680
BENIFAIO,VALENCIA,46450
MONCADA,VALENCIA,46113
TAVERNES DE VALLDIGNA,VALENCIA,46760
ONTENIENTE,VALENCIA,46870
QUART,VALENCIA,46930
ALDAIA,VALENCIA,46960
ALBAL,VALENCIA,46470
ALBERIC,VALENCIA,46260
CANGAS DEL NARCEA,ASTURIAS,33817
BENICARLO,CASTELLON,12580
VALL DUIXO,CASTELLON,12600
UTIEL,VALENCIA,46300
ALFAFAR,VALENCIA,46910
CASTELLON,CASTELLON,12006
BENICASSIM,CASTELLON,12560
VALENCIA,VALENCIA,46020
ALBACETE,ALBACETE,2006
ALDAIA,VALENCIA,46900
San Sebasti�n de los Reyes,MADRID,28703
LA FELGUERA,ASTURIAS,33900
LLANES,ASTURIAS,33500
PIEDRAS BLANCAS,ASTURIAS,33450
POLA DE LAVIANA,ASTURIAS,33980
POLA DE LENA,ASTURIAS,33630
LUGONES,ASTURIAS,33429
POLA SIERO,ASTURIAS,33510
HOSPITALET,BARCELONA,8902
PRAT,BARCELONA,8820
SABADELL,BARCELONA,8200
VILANOVA I LA GELTRU,BARCELONA,8800
ESPLUGUES,BARCELONA,8950
SANTA COLOMA,BARCELONA,8921
PREMIA,BARCELONA,8330
SANT BOI,BARCELONA,8830
SANT JOAN DESP�,BARCELONA,8970
BADALONA,BARCELONA,8918
VENDRELL,TARRAGONA,43700
VILA SECA,TARRAGONA,43480
SABADELL,BARCELONA,8204
SAN VICENTE,BARCELONA,8620
SANT CARLES DE LA R�PITA,TARRAGONA,43540
OLESSA DE MONSERRAT,BARCELONA,8640
SANTA PERPETUA,BARCELONA,8130
RIPOLLET,BARCELONA,8291
MANRESA,BARCELONA,8200
MANLLEU,BARCELONA,8500
SANTA COLOMA,BARCELONA,8000
CALDES DE MONTBUI,BARCELONA,8140
GRANOLLERS,BARCELONA,8401
SABADELL,BARCELONA,8207
SABADELL,BARCELONA,8202
SAN FELIU DE GUIXOLS,GIRONA,17220
FUENLABRADA,MADRID,28943
ELCHE,ALICANTE,3202
ALICANTE,ALICANTE,3016
ALMORADI,ALICANTE,3160
SANT JOAN D'ALACANT,ALICANTE,3550
BENIDORM,ALICANTE,3501
ALFAS DEL PI,ALICANTE,3581
PILAR DE LA HORADADA,ALICANTE,3190
TORREVIEJA,ALICANTE,3001
EL CAMPELLO,ALICANTE,3560
CALLOSA SEGURA,ALICANTE,3360
SANT VICENT DEL RASPEIG,ALICANTE,3690
CARAVACA,MURCIA,30400
CARTAGENA,MURCIA,30201
ALCANTARILLA,MURCIA,30820
MAZARRON,MURCIA,30870
CARTAGENA,MURCIA,30200
LA UNION,MURCIA,30360
MURCIA,MURCIA,30002
MURCIA,MURCIA,30003
CEHEGIN,MURCIA,30430
CAMPILLO (LORCA),MURCIA,30813
MURCIA,MURCIA,30007
SAN JAVIER,MURCIA,30370
Caldes de Montbui,BARCELONA,8040
Alicante,ALICANTE,3009
LLEIDA,LLEIDA,25007
GRANADA,GRANADA,18015
GRANADA,GRANADA,18003
Bilbao,VIZCAYA,48010
Revilla de Camargo,CANTABRIA,39600
CIGALES,VALLADOLID,47270
VALLADOLID,VALLADOLID,47008
MEDINA,VALLADOLID,47400
SALAMANCA,SALAMANCA,37184
FERROL,A CORU�A,15404
OVIEDO,ASTURIAS,33008
Ponta Delgada,EXTRANJERO,0
Alto de Vieiro - Leiria,EXTRANJERO,2400
Portimao,EXTRANJERO,8500
Carnaxide,EXTRANJERO,2790
Viseu,EXTRANJERO,3500
Matosinhos,EXTRANJERO,4450
Amadora,EXTRANJERO,2650
Alicante,ALICANTE,3005
Alcoi,ALICANTE,3804
Benidorm,ALICANTE,3500
Tarragona,TARRAGONA,43001
Bassella,LLEIDA,25289
Sitges,BARCELONA,8870
Manresa,BARCELONA,8240
Puigcerd�,GIRONA,17520
Las Palmas de Gran Canaria,"PALMAS, LAS",35010
Xirivella,VALENCIA,46950
A Coru�a,A CORU�A,15007
LEON,LEON,24010
VITORIA,ALAVA,1196
TROBAJO DEL CAMINO,LEON,24191
Santander,CANTABRIA,39002
Santander,CANTABRIA,39005
Le�n,LEON,24003
Ja�n,JAEN,23009
Almer�a,ALMERIA,4009
M�laga,MALAGA,29011
Sierra Nevada,GRANADA,18196
Badajoz,BADAJOZ,6006
Badajoz,BADAJOZ,6005
GIJ�N,ASTURIAS,33202
GIJ�N,ASTURIAS,33201
GIJ�N,ASTURIAS,33204
GIJ�N,ASTURIAS,33208
LLEIDA,LLEIDA,25004
ALBUIXECH,VALENCIA,46550
BADALONA,BARCELONA,8916
ZARAGOZA,ZARAGOZA,50011
LLANERA,ASTURIAS,33192
PATI�O (MURCIA),MURCIA,30012
ALCOBENDAS,MADRID,28108
TELDE (GRAN CANARIA),"PALMAS, LAS",35200
BARBERA DEL VALL�S,BARCELONA,8210
CORDOBA,CORDOBA,14014
FINESTRAT,ALICANTE,3509
OL�AS DEL REY,TOLEDO,45280
CASTELL�N DE LA PLANA,CASTELLON,12006
OIARTZUN,GUIPUZCOA,20180
ELCHE,ALICANTE,3291
San Sebastian de los Reyes,MADRID,28700
Barcelona,BARCELONA,8000
Terrassa,BARCELONA,8223
Sabadell,BARCELONA,8201
Bilbao,VIZCAYA,48008
Puerta del Sur - Jerez,CADIZ,11407
Alcala de Henares,MADRID,28806
VALDERAS,MADRID,28925
MADRID,MADRID,28905
Salamanca,SALAMANCA,37004
POZUELO,MADRID,28224
NAVARRA,NAVARRA,31002
LAS PALMAS DE GRAN C.,"PALMAS, LAS",35007
Sabadell,BARCELONA,8208
CORNELLA,BARCELONA,8940
MALAGA,MALAGA,29007
SAN JUAN AZNALFARACHE,SEVILLA,41920
PONTEVEDRA,PONTEVEDRA,36204
ALGECIRAS,CADIZ,11203
CADIZ,CADIZ,11011
JEREZ DE LA FRONTERA,CADIZ,11406
MOLLERUSSA,LLEIDA,25230
OVIEDO,ASTURIAS,33012
GIJ�N,ASTURIAS,33209
GIJ�N,ASTURIAS,33207
A CORU�A,A CORU�A,15003
SAN SEBASTIAN DE LOS REYES,MADRID,28000
MATAR�,BARCELONA,8000
BARBER� DEL VALL�S,BARCELONA,8000
MANRESA,BARCELONA,8000
TARRAGONA,TARRAGONA,43000
TARRASA,BARCELONA,8000
BADALONA,BARCELONA,8000
HOSPITALET DE LLOBREGAT,BARCELONA,8000
EL PRAT DE LLOBREGAT,BARCELONA,8000
PALMA DE MALLORCA,BALEARES,7000
COLL DE RABASSA,BALEARES,7000
GERONA,GIRONA,17000
SANT CUGAT DEL VALL�S,BARCELONA,8000
SANT QUIRZE DEL VALLES,BARCELONA,8192
PARETS DEL VALL�S,BARCELONA,8150
VIGO,PONTEVEDRA,36000
LA CORU�A,A CORU�A,15000
EL FERROL,A CORU�A,15000
LUGO,LUGO,27000
SALCEDO,PONTEVEDRA,36000
CORISTANCO,A CORU�A,15000
EL FERROL,A CORU�A,15385
CASTELL�N,CASTELLON,12000
LA ELIANA,VALENCIA,46000
XIRIVELLA,VALENCIA,46000
VINAROS,CASTELLON,12000
PATERNA,VALENCIA,46000
VALENCIA,VALENCIA,46000
ALFAFAR,VALENCIA,46000
SAGUNTO,VALENCIA,46000
GAND�A,VALENCIA,46000
ALZIRA,VALENCIA,46000
VILLAREAL,CASTELLON,12000
MASSALFASSAR,VALENCIA,46000
MURCIA,MURCIA,30011
CARTAGENA,MURCIA,30395
TORREVIEJA,ALICANTE,3000
FINESTRAT,ALICANTE,3000
SAN JUAN,ALICANTE,3000
ELCHE,ALICANTE,3000
PETRER,ALICANTE,3000
CARTAGENA,MURCIA,30000
CHURRA,MURCIA,30000
Albacete,ALBACETE,2005
Albacete,ALBACETE,2006
Albacete,ALBACETE,2002
ALBORAYA,VALENCIA,46120
EL ENTREGO,ASTURIAS,33000
LE�N,LEON,24000
PONFERRADA,LEON,24000
TRASONA AVILES,ASTURIAS,33000
OVIEDO,ASTURIAS,33000
GIJ�N,ASTURIAS,33000
TORRELAVEGA,CANTABRIA,39000
ERANDIO,VIZCAYA,48000
SANTANDER,CANTABRIA,39000
PAMPLONA,NAVARRA,31000
SESTAO,VIZCAYA,48000
VITORIA,ALAVA,1000
BARBADAS,ORENSE,32890
VIGO,PONTEVEDRA,36207
EL FERROL,A CORU�A,15407
Reus,TARRAGONA,43203
San Adri�n del Besos,BARCELONA,8930
Tarragona,TARRAGONA,43005
Tarrasa,BARCELONA,8227
Lleida,LLEIDA,25002
salt,GIRONA,17190
Cabrera del Mar,BARCELONA,8349
Sant Quirze del Valles,BARCELONA,8192
PALMA DE MALLORCA,BALEARES,7015
MARRATXI,BALEARES,7141
Santa Susana,BARCELONA,8398
LA LAGUNA,SANTA CRUZ DE TENERIFE,38000
LA OROTAVA,SANTA CRUZ DE TENERIFE,38000
TENERIFE,SANTA CRUZ DE TENERIFE,38005
TENERIFE,SANTA CRUZ DE TENERIFE,38109
EL PUERTO DE LA CRUZ,SANTA CRUZ DE TENERIFE,38400
Zaragoza,ZARAGOZA,50006
PALENCIA,PALENCIA,34004
Vecindario - Santa Luc�a,"PALMAS, LAS",35110
LAS PALMAS DE GRAN CANARIAS,"PALMAS, LAS",35013
LAS PALMAS DE GRAN CANARIAS,"PALMAS, LAS",35016
LAS PALMAS DE GRAN CANARIAS,"PALMAS, LAS",35010
LAS PALMAS DE GRAN CANARIAS,"PALMAS, LAS",35019
"JUNAMAR, TELDE","PALMAS, LAS",35220
TUDELA DE DUERO,VALLADOLID,47320
VALLADOLID,VALLADOLID,47000
VILLA DEL PRADO,VALLADOLID,27780
Telde,"PALMAS, LAS",35212
ALBACETE,ALBACETE,2000
ALMER�A,ALMERIA,4000
EL EJIDO,ALMERIA,4000
BADAJOZ,BADAJOZ,6000
ORTIGUEIRA,A CORU�A,15330
SAN FERNANDO,CADIZ,11000
PUERTO REAL,CADIZ,11000
JEREZ DE LA FRONTERA,CADIZ,11000
Logro�o,"RIOJA, LA",26006
Logro�o,"RIOJA, LA",26004
Logro�o,"RIOJA, LA",26000
EL PUERTO DE SANTA MAR�A,CADIZ,11000
O GRAXAL,A CORU�A,15679
LOS BARRIOS,CADIZ,11000
LA LINEA DE LA CONCEPCI�N,CADIZ,11000
OLEIROS,A CORU�A,15179
OLEIROS,A CORU�A,15173
LA LINEA DE LA CONCEPCI�N,CADIZ,11300
ARCOS DE LA FRONTERA,CADIZ,11000
ST CRISTINA,A CORU�A,15568
LA CORU�A,A CORU�A,15007
SANTIAGO,A CORU�A,15706
SANTIAGO,A CORU�A,15705
TEO,A CORU�A,15883
Abadi�o,VIZCAYA,48220
SAN XOAN DE CALO-TEO,A CORU�A,15866
Asua - Erandio,VIZCAYA,48950
SANTIAGO,A CORU�A,15701
Baracaldo,VIZCAYA,48903
Vitoria,ALAVA,1010
TELDE,"PALMAS, LAS",35000
TRASONA - AVILES,ASTURIAS,33400
SIERO,ASTURIAS,33429
EL ENTREGO,ASTURIAS,33940
Vitoria,ALAVA,1013
Pe�acastillo,CANTABRIA,39011
Oiartzun,GUIPUZCOA,20180
Ir�n,GUIPUZCOA,20305
Cornella de Llobregat,BARCELONA,8000
SANT ANDREU,BARCELONA,8027
C�RDOBA,CORDOBA,14000
C�RBOBA,CORDOBA,14000
GRADO,ASTURIAS,33820
OURENSE,ORENSE,32005
LAS PALMAS DE GRAN CANARIA,"PALMAS, LAS",35002
JAND�A (FUERTEVENTURA),"PALMAS, LAS",35625
ALMERIA,ALMERIA,4001
NEGREIRA,A CORU�A,15830
BERTAMIRANS-AMES,A CORU�A,15220
GRANADA,GRANADA,18000
LA ZUBIA / GRANADA,GRANADA,18140
GRANADA,GRANADA,18013
HUELVA,HUELVA,21000
JA�N,JAEN,23000
JA�N,JAEN,23009
LINARES,JAEN,23000
M�LAGA,MALAGA,29000
MARBELLA,MALAGA,29000
M�LAGA,MALAGA,29009
ESTEPONA,MALAGA,29000
SAN JUAN DE AZNALFARACHE,SEVILLA,41000
M�stoles,MADRID,28935
ALCAL� DE GUADAIRA,SEVILLA,41000
DOS HERMANAS,SEVILLA,41000
LEGAN�S,MADRID,28000
MASPALOMAS,"PALMAS, LAS",35100
CAMAS,SEVILLA,41000
ARONA,SANTA CRUZ DE TENERIFE,38660
Madrid,MADRID,28018
Madrid,MADRID,28027
LLIRIA,VALENCIA,46160
VILLAMARXANT,VALENCIA,46191
SEGORBE,CASTELLON,12400
EL PUIG,VALENCIA,46540
VALENCIA,VALENCIA,46008
RIBARROJA,VALENCIA,46190
San Blas (Madrid),MADRID,28032
ALMERIA,ALMERIA,4009
LUGO,LUGO,27002
LUGO,LUGO,27004
Orihuela,ALICANTE,3189
BARCO VALDEORRAS ORENSE,ORENSE,32300
FERROL,A CORU�A,15401
FERROL,A CORU�A,0
PULIANAS,GRANADA,18000
PONTEDEUME,A CORU�A,15600
BUEU,PONTEVEDRA,36930
Alcal� de Henares,MADRID,28801
M�stoles,MADRID,28939
Madrid,MADRID,28014
Alcal� de Henares,MADRID,28805
PONTEAREAS,PONTEVEDRA,36860
MOS,PONTEVEDRA,36415
Montcada I Reixac,BARCELONA,8100
Montcada i Reixac,BARCELONA,8100
ABRERA,BARCELONA,8630
Leon,LEON,24004
LEON,LEON,24000
LEON,LEON,24006
TROBAJO DEL CAMI,LEON,24000
OLESA,BARCELONA,8640
AVILES,ASTURIAS,33960
CORVERA,ASTURIAS,33404
AVILES,ASTURIAS,33401
AVILES,ASTURIAS,33204
CORVERA,ASTURIAS,33430
GRADO,ASTURIAS,33022
Playa del Ingl�s,"PALMAS, LAS",35100
Maspalomas,"PALMAS, LAS",35100
Meloneras,"PALMAS, LAS",35100
T�as (Lanzarote),"PALMAS, LAS",35110
Lanzarote,"PALMAS, LAS",35110
Lanzarote,"PALMAS, LAS",35570
Lanzarote,"PALMAS, LAS",35580
Jand�a (Fuerteventura),"PALMAS, LAS",35625
Corralejo (Fuerteventura),"PALMAS, LAS",35660
Costa Teguise,"PALMAS, LAS",35530
GIJON,ASTURIAS,33213
VEGADEO,ASTURIAS,33300
LLEIDA,LLEIDA,25002
Calahorra,"RIOJA, LA",26500
Vitoria,ALAVA,1000
Oviedo,ASTURIAS,33000
Leioa - Bilbao,VIZCAYA,48940
San Sebasti�n,GUIPUZCOA,20005
Granada,GRANADA,18000
Huelva,HUELVA,21000
Ja�n,JAEN,23000
La Coru�a,A CORU�A,15001
M�laga,MALAGA,29005
M�laga,MALAGA,29000
Las Rozas - Madrid,MADRID,28230
Pozuelo,MADRID,28000
Zaragoza,ZARAGOZA,50008
Valladolid,VALLADOLID,47000
Salamanca,SALAMANCA,37001
Valencia,VALENCIA,46004
Valencia,VALENCIA,46023
Castell�n,CASTELLON,12000
La Roca del Valles,BARCELONA,8430
BENAVENTE,ZAMORA,49000
LUARCA,ASTURIAS,33700
NAVIA,ASTURIAS,33710
NAVIA,ASTURIAS,33600
TAPIA CASARIEG,ASTURIAS,33550
NAVIA,ASTURIAS,33500
CUDILLERO,ASTURIAS,33008
POSADA DE LLANES,ASTURIAS,33594
VILLAVICIOSA,ASTURIAS,33008
COLUNGA,ASTURIAS,33320
VILLAVICIOSA,ASTURIAS,33211
RIBADESELLA,ASTURIAS,33770
Segovia,SEGOVIA,40001
Salamanca,SALAMANCA,37006
Torrej�n de Ardoz,MADRID,28850
C�ceres,CACERES,10005
C�ceres,CACERES,10001
Puerto Col�n,SANTA CRUZ DE TENERIFE,38660
Playa de las Am�ricas,SANTA CRUZ DE TENERIFE,38660
Playa de las Am�ricas. Arona,SANTA CRUZ DE TENERIFE,38660
DONOSTI,GUIPUZCOA,20000
TALAVERA DE LA REINA,TOLEDO,45000
Cazalegas,TOLEDO,45683
ARANJUEZ,MADRID,28000
C�CERES,CACERES,10000
Alicante,ALICANTE,3003
Cartagena,MURCIA,30000
Londres,EXTRANJERO,99999
Roma,EXTRANJERO,99999
MOGENTE,VALENCIA,46640
PICANYA,VALENCIA,46210
SALAMANCA,SALAMANCA,37006
SALAMANCA,SALAMANCA,37000
SALAMANCA,SALAMANCA,37008
HOSPITALET,BARCELONA,8901
L'Hospitalet de Llobregat,BARCELONA,8903
Barcelona,BARCELONA,8042
Barcelona,BARCELONA,8024
ZARAGOZA,ZARAGOZA,50000
Talarrubias (Badajoz),BADAJOZ,6000
OVIEDO,ASTURIAS,33009
SAN VICENTE,ALICANTE,3690
ALCOBENDAS,MADRID,28000
LAVIANA,ASTURIAS,33980
FUENLABRADA,MADRID,28000
Fuenlabrada,MADRID,28943
Ondara,ALICANTE,3760
MATARO,BARCELONA,8302
Madrid,MADRID,28220
Madrid,MADRID,28914
Madrid,MADRID,28916
Zaragoza,ZARAGOZA,50157
REUS,TARRAGONA,43205
MADRID,MADRID,28047
MADRID,MADRID,28039
ALCAL� DE HENARES,MADRID,28804
MADRID,MADRID,28033
PARLA,MADRID,28000
Ciudad Loranca - (Fuenlabrada) Madrid,MADRID,28940
OVIEDO,ASTURIAS,33007
OVIEDO,ASTURIAS,33400
OVIEDO,ASTURIAS,33006
SAN CLAUDIO,ASTURIAS,33191
OVIEDO,ASTURIAS,33440
OVIEDO,ASTURIAS,33202
TERRASSA,BARCELONA,8224
RIPOLL,GIRONA,17500
SANT FRUITOS DE BAGES,BARCELONA,8272
EL MASNOU,BARCELONA,8320
PUIGCERD�,GIRONA,17520
BARBERA V.,BARCELONA,8210
TORREDEMBARRA,TARRAGONA,43830
TERRASSA,BARCELONA,8225
CAMBRILS,TARRAGONA,43850
ROSES,GIRONA,17480
TORROELLA DE MONTGR�,GIRONA,17257
MATAR�,BARCELONA,8303
CERVERA,LLEIDA,25200
BARCELONA,BARCELONA,8022
SANT ADRI� DEL BES�S,BARCELONA,8930
LLEIDA,LLEIDA,25003
BERGA,BARCELONA,8600
LLEIDA,LLEIDA,25005
SANT CUGAT DEL VALL�S,BARCELONA,8190
GOLM�S,LLEIDA,25241
SANT VICEN� DELS HORTS,BARCELONA,8620
�BEDA,JAEN,23000
Ciudad Real,CIUDAD REAL,13003
Ponferrada,LEON,24404
PONFERRADA,LEON,24009
L'HOSPITALET DE LLOBREGAT,BARCELONA,8902
L'HOSPITALET DE LLOBREGAT,BARCELONA,8904
COLLADO VILLALBA,MADRID,28000
CERDANYOLA,BARCELONA,8290
Roses,GIRONA,17480
Tres Cantos,MADRID,28760
HUERCAL - OVERA,ALMERIA,4600
SANTA MARGARITA DE MONTBUI,BARCELONA,8710
TENERIFE,SANTA CRUZ DE TENERIFE,38111
Casablanca,EXTRANJERO,20000
Galdakano,VIZCAYA,48960
Bilbao,VIZCAYA,48014
�viles- Asturias,ASTURIAS,33401
Le�n,LEON,24002
Palencia,PALENCIA,34003
Oca�a,TOLEDO,45300
Madrid,MADRID,28035
Coslada- Madrid,MADRID,28821
Fuenlabrada,MADRID,28942
Logro�o,"RIOJA, LA",26003
M�stoles,MADRID,28934
santanyi - Mallorca,BALEARES,7650
Palma de Mallorca,BALEARES,7007
TREMP,LLEIDA,25260
Elche,ALICANTE,3201
VELEZ MALAGA,MALAGA,29700
Ourense,ORENSE,32005
El Ferrol- A Coru�a,A CORU�A,15402
BA�ERES,ALICANTE,3450
CARBALLO,A CORU�A,0
LALIN,PONTEVEDRA,36500
ALCAL� DE HENARES,MADRID,28000
VILLAGARCIA,PONTEVEDRA,36600
Catarroja- Valencia,VALENCIA,46470
Montserrat- Valencia,VALENCIA,46192
ARY.ENCOMIENDA,VALLADOLID,47195
Orotava,SANTA CRUZ DE TENERIFE,38300
REUS,TARRAGONA,43000
Las Palmas de Gran Canarias,"PALMAS, LAS",35011
CABRERA DEL MAR,BARCELONA,8000
LOGRO�O,"RIOJA, LA",26001
BARACALDO,VIZCAYA,48000
Bilbao,VIZCAYA,48180
EL BURGO,A CORU�A,15000
Utebo,ZARAGOZA,50000
Zaragoza,ZARAGOZA,50013
Zaragoza,ZARAGOZA,50012
Santander,CANTABRIA,39000
Terrassa,BARCELONA,8222
Badalona,BARCELONA,8918
PLASENCIA,CACERES,10000
CALETA DE FUSTE (FUERTEVENTURA),"PALMAS, LAS",35610
PLAYA HONDA-SAN BARTOLOME DE LANZAROTE,"PALMAS, LAS",35509
SAN BARTOLOM� DE TIRAJANA,"PALMAS, LAS",35100
EL TABLERO DE MASPALOMAS,"PALMAS, LAS",35109
LAS PALMAS,"PALMAS, LAS",35019
LAS PALMAS,"PALMAS, LAS",35010
LAS PALMAS,"PALMAS, LAS",35006
MARRATX� (MALLORCA),BALEARES,7141
NAVALMORAL DE LA MATA,CACERES,10300
CORIA,CACERES,10800
HUESCA,HUESCA,22001
A ESTRADA,PONTEVEDRA,36680
ALC�ZAR DE SAN JUAN,CIUDAD REAL,13600
LE�N,LEON,24009
VILLARROBLEDO,ALBACETE,2600
LOS LLANOS DE ARIDANE,SANTA CRUZ DE TENERIFE,38760
OURENSE,ORENSE,32003
FERROL,A CORU�A,15402
POIO,PONTEVEDRA,36005
VIGO,PONTEVEDRA,36202
PALAVEA,A CORU�A,15009
NARON,A CORU�A,15570
RIBEIRA,A CORU�A,15960
NOIA,A CORU�A,15200
BERTAMIRANS,A CORU�A,15220
MARIN,PONTEVEDRA,36900
SANTA CRUZ DE TENERIFE,SANTA CRUZ DE TENERIFE,38300
SANTA CRUZ DE TENERIFE,SANTA CRUZ DE TENERIFE,38111
LOS CRISTIANOS,SANTA CRUZ DE TENERIFE,38650
SAN CRISTOBAL DE LA LAGUNA,SANTA CRUZ DE TENERIFE,38205
SANT ANDREU DE LA BARCA,BARCELONA,8740
SANTANDER,CANTABRIA,39008
LE�N,LEON,24001
OVIEDO,ASTURIAS,33003
OVIEDO,ASTURIAS,33420
EL ENTREGO,ASTURIAS,33950
HUARTE,NAVARRA,31260
CORVERA DE ASTURIAS,ASTURIAS,33468
IR�N,GUIPUZCOA,20305
BARAKALDO,VIZCAYA,48901
LE�N,LEON,24008
SAN SEBASTI�N,GUIPUZCOA,20017
CORDOVILLA-PAMPLONA,NAVARRA,31191
MALIA�O-CAMARGO,CANTABRIA,39600
ABADI�O,VIZCAYA,48220
CASTRO-URDIALES,CANTABRIA,39700
VITORIA,ALAVA,1001
TARRAGONA,TARRAGONA,43003
BARCELONA,BARCELONA,8001
TARRAGONA,TARRAGONA,43080
SANTQUIRZE DEL VALLES,BARCELONA,8192
TERRASSA,BARCELONA,8228
L'HOSPITALET DE LLOBREGAT,BARCELONA,8908
CABRERA DE MAR,BARCELONA,8349
SANT CUGAT DEL VALL�S,BARCELONA,8174
TERRASSA,BARCELONA,8227
CUITADELLA DE MENORCA,BALEARES,7760
SAN ANTONIO - IBIZA,BALEARES,7820
"SANTA EULALIA DEL R�O, IBIZA",BALEARES,7840
CASTELL�N,CASTELLON,12003
TORRENT,VALENCIA,46900
CULLERA,VALENCIA,56400
L ELIANA,VALENCIA,46183
TERUEL,TERUEL,44001
COCENTAINA,ALICANTE,3820
PETRER-ELDA,ALICANTE,3600
GUARDAMAR DEL SEGURA,ALICANTE,3140
CHURRA CABEZO DE TORRES,MURCIA,30110
CARTAGENA,MURCIA,30310
LORCA,MURCIA,30813
LA �ORA,MURCIA,30830
MURCIA,MURCIA,30006
PTO MAZARR�N,MURCIA,30860
MULA,MURCIA,30170
BULLAS,MURCIA,30180
PTO LUMBRERAS,MURCIA,30890
VALL D UXI�,CASTELLON,12600
GANDIA,VALENCIA,46702
CASTELLON,CASTELLON,12000
LAS PALMAS DE G.C.,"PALMAS, LAS",35008
LAS PALMAS DE G.C.,"PALMAS, LAS",35013
BENIDORM,ALICANTE,3500
PEDREGUER,ALICANTE,3750
ALICANTE,ALICANTE,3002
ALBUFEIRA,EXTRANJERO,99999
BRAGA,EXTRANJERO,4700
LISBOA,EXTRANJERO,1500
FIGUEIRA DA FOZ,EXTRANJERO,3080
VILA NOVA DE GAIA,EXTRANJERO,4430
GUIMARAES,EXTRANJERO,99999
FUNCHAL,EXTRANJERO,99999
MAIA,EXTRANJERO,4470
MONTIJO,EXTRANJERO,2870
MATOSINHOS,EXTRANJERO,4460
ALMADA,EXTRANJERO,2800
FUNCHAL,EXTRANJERO,9000
PORTIMAO,EXTRANJERO,8500
LISBOA,EXTRANJERO,1900
PORTO,EXTRANJERO,4000
VILA-REAL DE TRAS-OS-MONT,EXTRANJERO,5000
PUERTO DEL ROSARIO,"PALMAS, LAS",35600
ALMER�A,ALMERIA,4001
BADAJOZ,BADAJOZ,6006
PONTEVELLA,ORENSE,32003
JEREZ DE LOS CABALLEROS,BADAJOZ,6380
SALAMANCA,SALAMANCA,37001
S.SEBASTIAN DE LOS REYES,MADRID,28700
LEGANES,MADRID,28916
VALLADOLID,VALLADOLID,47610
�VILA,AVILA,5004
BADAJOZ,BADAJOZ,6001
C�DIZ,CADIZ,11004
CADIZ,CADIZ,11009
JEREZ DE LA FRONTERA,CADIZ,11402
LA LINEA DE LA CONCEPCION,CADIZ,11300
PUERTO DE STA.MAR�A,CADIZ,11500
ALGECIRAS,CADIZ,11202
LUCENA,CORDOBA,35468
PRIEGO,CORDOBA,14800
SAN LUCAR DE BARRAMEDA,CADIZ,11540
LORA DEL R�O,SEVILLA,41440
GIJON,ASTURIAS,33201
CAMARGO,CANTABRIA,39609
ETXABARR- IVI�A-ZIGOITIA,ALAVA,1196
VITORIA,ALAVA,1010
CORBERA,ASTURIAS,33400
SANTANDER,CANTABRIA,39012
LUGONES-SIERO,ASTURIAS,33420
ANDUJAR,JAEN,23000
HUELVA,HUELVA,21001
AND�JAR,JAEN,23740
RONDA,MALAGA,29400
M�LAGA,MALAGA,29011
M�LAGA,MALAGA,29005
M�LAGA,MALAGA,29015
LA CALA,MALAGA,29720
V�LEZ,MALAGA,29700
CARTAMA,MALAGA,29580
COIN,MALAGA,29100
HOSPITALET DE LLOBREGAT,BARCELONA,8901
MAIRENA DEL ALJARAFE,SEVILLA,41927
SEVILLA,SEVILLA,41500
CORIA DEL RIO,SEVILLA,41100
LA RINCONADA,SEVILLA,41300
SANLUCAR LA MAYOR,SEVILLA,41800
El Prat del LLobregat,BARCELONA,8000
M�STOLES,MADRID,28934
M�STOLES,MADRID,28935
AZUQUECA DE HENARES,GUADALAJARA,19200
Alcal� de Henares,MADRID,28806
TOLEDO,TOLEDO,45005
AVILA,AVILA,5004
AVILA,AVILA,5003
MOTRIL,GRANADA,18000
ARANDA DE DUERO,BURGOS,9200
LAGUNA DEL DUERO,VALLADOLID,47140
VALLADOLID,VALLADOLID,47140
ZAFRA,BADAJOZ,6300
CORDOBA,CORDOBA,14013
BAENA,CORDOBA,14859
Majadahonda - Madrid,MADRID,28220
Madrid,MADRID,28034
VALLECAS,MADRID,28000
MADRID,MADRID,28018
ZAMORA,ZAMORA,49003
ZAMORA,ZAMORA,49001
ZAMORA,ZAMORA,49023
GOLMAYO,SORIA,42190
LA CORU�A,A CORU�A,15002
Girona,GIRONA,17005
Salt-Girona,GIRONA,17190
EIBAR,GUIPUZCOA,20600
BURJASOT,VALENCIA,46100
ALAQUAS,VALENCIA,46970
PUERTO SAGUNTO,VALENCIA,46520
Perillo (Oleiros),A CORU�A,15172
Oleiros,CORDOBA,15175
VIRGEN CAMINO,LEON,24000
S.AND.RABANEDO,LEON,24000
GIJON,ASTURIAS,33540
GIJON,ASTURIAS,33690
GIJON,ASTURIAS,33404
GIJON,ASTURIAS,33204
GIJON,ASTURIAS,33202
LA CORU�A,A CORU�A,15009
TORREMOLINOS,MALAGA,29004
Sevilla,SEVILLA,41006
Tomares,SEVILLA,41940
UTEBO,ZARAGOZA,50180
Elche (Alicante),ALICANTE,3203
Sevilla,SEVILLA,41000
Espinardo-Murcia,MURCIA,30100
Espinardo,MURCIA,30100
ALMASSORA,CASTELLON,12550
GANDIA,VALENCIA,46701
GALAPAGAR,MADRID,28260
LOGRO�O,"RIOJA, LA",26007
RIVAS FUTURA,MADRID,28000
ALCAZAR DE SAN JUAN,CIUDAD REAL,13000
Castell�n,CASTELLON,12002
PLATAFORMA LOG�STICA DE ZARAGOZA,ZARAGOZA,50197
ZARAGOZA,ZARAGOZA,50015
CANGAS NARCEA,ASTURIAS,33800
TINEO,ASTURIAS,33000
MEDINA DEL CAMPO,VALLADOLID,47700
ARROYO DE LA ENCOMIENDA,VALLADOLID,47915
SALINAS,ASTURIAS,33400
RAICES NUEVO,ASTURIAS,33405
,MADRID,28004
Alicante,ALICANTE,3006
Quart de Poblet - Valencia,VALENCIA,46930
L'HOSPITALET,BARCELONA,8904
L'HOSPITALET,BARCELONA,8903
L'HOSPITALET,BARCELONA,8901
L'HOSPITALET,BARCELONA,8906
SAN VICENTE DEL RASPEIG,ALICANTE,3690
ALICANTE,ALICANTE,3006
Vigo - Pontevedra,PONTEVEDRA,36214
Vigo,PONTEVEDRA,36213
BENEJUZAR,ALICANTE,3390
CREVILLENTE,ALICANTE,3339
TORREVIEJA,ALICANTE,3183
SAN VICENTE DEL RASPEIG,ALICANTE,3695
EL PALMAR,MURCIA,30169
EL ALGAR,MURCIA,30366
ROLDAN,MURCIA,30709
FUENTE ALAMO DE MURCIA,MURCIA,30320
MEDINA SALA (CARTAGENA),MURCIA,30205
A CORU�A,A CORU�A,15190
NARON,A CORU�A,15407
LUGO,LUGO,27007
Gij�n,ASTURIAS,33000
CASTELLBISBAL,BARCELONA,8755
ARCOS DE LA FRONTERA,CADIZ,11630
San Vicente de Alc�ntara- Badajoz,BADAJOZ,6500
RIVAS-VACIAMADRID,MADRID,28529
MEJORADA DEL CAMPO,MADRID,28840
M�RIDA,BADAJOZ,6000
Hospitalet del Llobregat,BARCELONA,8901
SAN CRISTOBAL LA DE LAGUNA,SANTA CRUZ DE TENERIFE,38108
Lleida,LLEIDA,25006
CERDANYOLA DEL VALLES,BARCELONA,8290
PALMA DEL RIO,CORDOBA,14700
SANT FELIU,BARCELONA,8980
S. PEDRO DE ALCANTARA,MALAGA,29670
PILAS,SEVILLA,41840
TOLEDO,TOLEDO,45001
PARLA,MADRID,28982
Salt,GIRONA,17190
San Fernando de Henares,MADRID,28830
Ensanche de Vallecas,MADRID,28051
Alcoy,ALICANTE,3820
Alicante,ALICANTE,3007
Murcia,MURCIA,30007
Cartagena,MURCIA,30395
Oleiros,A CORU�A,15172
Flix,TARRAGONA,43750
L'HOSPITALET,BARCELONA,8905
Las Palmas de Gran Canaria,"PALMAS, LAS",35011
Salinas,NAVARRA,31191
Ponferrada,LEON,24400
Calafell,TARRAGONA,43820
"EL NOGAL, ALGETE",MADRID,28110
ertyuiop,HUESCA,78900
BADAJOZ,BADAJOZ,6003
San Pablo,SEVILLA,41020
Magalluf,BALEARES,7181
TORREMOLINOS,MALAGA,29000
Santiago de Compostela,A CORU�A,15702
MAJADAHONDA,MADRID,28000
EL PINAR DE LAS ROZAS,MADRID,28000
Almenar,LLEIDA,25100
Arroyomolinos,MADRID,28939
La Seu d'Urgell,LLEIDA,25700
El Pont de Suert,LLEIDA,25520
Vielha,LLEIDA,25530
Sort,LLEIDA,25560
AVEIRO,EXTRANJERO,8000
LISBOA,EXTRANJERO,8000
SENHORA DA HORA (OPORTO),EXTRANJERO,8000
ALMADA (LISBOA),EXTRANJERO,8000
PONTA DELGADA (ISLA),EXTRANJERO,8000
COIMBRA,EXTRANJERO,8000
S. JO�O DA MADEIRA,EXTRANJERO,8000
MONTIJO (LISBOA),EXTRANJERO,8000
RIO DE MOURO - SINTRA (LISBOA),EXTRANJERO,8000
Alcoy,ALICANTE,3801
Guadarrama,MADRID,28440
Alcoy,ALICANTE,3818
Colmenar Viejo,MADRID,28770
Copenhague,EXTRANJERO,99999
CONIL DE LA FRONTERA,CADIZ,11140
C�DIZ,CADIZ,11600
TORDESILLAS,VALLADOLID,27780
CARANZA,A CORU�A,15406
LA FELGUERA,ASTURIAS,33213
CABA�AQUINTA,ASTURIAS,33011
MOREDA (ALLER),ASTURIAS,33940
MIERES,ASTURIAS,33007
OVIEDO,ASTURIAS,33860
OVIEDO,ASTURIAS,33710
OVIEDO,ASTURIAS,33208
Viana,NAVARRA,31230
C. NARCEA,ASTURIAS,33011
SALAS,ASTURIAS,33800
ALCOI,ALICANTE,3804
EL VERGER,ALICANTE,3770
Novelda,ALICANTE,3660
Vale De Morelos,EXTRANJERO,2800
Tavagueira - Guia,EXTRANJERO,8200
Sr� Hora,EXTRANJERO,4460
VILLANUEVA DE LA SERENA,BADAJOZ,6000
Vila Nova De Gaia,EXTRANJERO,4400
Trato-Montijo,EXTRANJERO,100
Rio Tinto,EXTRANJERO,4435
Viana Do Castelo,EXTRANJERO,4900
Vila Real,EXTRANJERO,5000
Massalfasar,VALENCIA,46560
La Pobla de Vallbona,VALENCIA,46185
SAN BARTOLOME DE TIRAJANA,"PALMAS, LAS",35109
LAS PALMAS DE GRAN CANARIA,"PALMAS, LAS",35510
ANDORRA LA VELLA,EXTRANJERO,500
CASTELL�N DE LA PLANA,CASTELLON,12001
FUENLABRADA,MADRID,28940
VALENCIA,VALENCIA,46003
GAND�A,VALENCIA,46730
VALENCIA,VALENCIA,46800
SANTANDER,CANTABRIA,39004
PAMPLONA,NAVARRA,31001
Valencia,VALENCIA,46100
VAL.DON JUAN,LEON,24000
C�RBOBA,CORDOBA,14008
MI�O,A CORU�A,15145
CAN PASTILLA,BALEARES,7610
SANTIAGO,A CORU�A,15703
TEO,A CORU�A,0
CONXO,A CORU�A,15706
TARRAGONA,TARRAGONA,43004
PERLIO,A CORU�A,15500
LA SOLANA,A CORU�A,15407
FENE,A CORU�A,15500
LLEIDA,LLEIDA,25123
XATIVA,VALENCIA,46870
Castell�n,CASTELLON,12001
OVIEDO,ASTURIAS,33670
HUELVA,HUELVA,21004
MURCIA,MURCIA,30001
AEROPUERTO DEL MATORRAL,"PALMAS, LAS",35610
BARCELONA,BARCELONA,8038
SANT ADRIA DE BESOS,BARCELONA,8930
"VENDRELL, EL",TARRAGONA,43700
SANT BOI LLOBREGAT,BARCELONA,8830
LLEIDA,LLEIDA,25191
MAO,BALEARES,7714
STA. EULARIA DEL RIO - EIVISSA,BALEARES,7840
TARRAGONA,TARRAGONA,43120
PONTS,LLEIDA,25740
GUISSONA,LLEIDA,25210
ST PERE DE RIUTDEBILLES,BARCELONA,8876
AMER,GIRONA,17170
L�AMPOLLA,TARRAGONA,43895
SOLLER-PALMA MALLORCA,BALEARES,7100
SANTA GERTRUDIS-IBIZA,BALEARES,7840
ELCHE/ELX,ALICANTE,3293
CACERES,CACERES,10195
HUESCA,HUESCA,22004
LOGRONO,"RIOJA, LA",26006
FUENLABRADA,MADRID,28944
LAS ROZAS DE MADRID,MADRID,28232
SAN SEBASTIAN DE LOS REYES,MADRID,28703
SALAMANCA / SANTA MARTA DE TORMES,SALAMANCA,37900
Soria,SORIA,42005
CAZALEGAS,TOLEDO,45683
OLIAS DEL REY,TOLEDO,45280
ZARAGOZA,ZARAGOZA,50014
FRANQUESES DEL VALLES (LES),BARCELONA,8520
HOSPITALET DE LLOBREGAT (L'),BARCELONA,8907
FORNELLS DE LA SELVA,GIRONA,17490
Lleida,LLEIDA,25191
CASTELLON,CASTELLON,12004
BENISANO,VALENCIA,46181
TEO / SANTIAGO DE COMPOSTELA,A CORU�A,15864
PERILLO - OLEIROS,A CORU�A,15172
CARBALLO,A CORU�A,15105
PONTEVEDRA / SALCEDO,PONTEVEDRA,36143
VITORIA-GASTEIZ,ALAVA,1007
BILBAO / ERANDIO,VIZCAYA,48950
LEON,LEON,24007
CANGAS ONIS,ASTURIAS,33125
CANGAS ONIS,ASTURIAS,33710
CASTELLON DE LA PLANA,CASTELLON,12001
SADA,A CORU�A,15160
ALGECIRAS,CADIZ,11205
C�RDOBA,CORDOBA,14013
PUERTO DE SANTA MARIA (EL),CADIZ,11500
VELEZ-MALAGA,MALAGA,29700
GIJON,ASTURIAS,33424
GOLMES,LLEIDA,25241
ALCOY,ALICANTE,3000
GATA DE GORGOS,ALICANTE,3700
EL VERGEL,ALICANTE,3700
LAS ROZAS,MADRID,28232
GIJON,ASTURIAS,33900
GIJON,ASTURIAS,33403
GIJON,ASTURIAS,33212
GIJON,ASTURIAS,33402
Zaragoza,ZARAGOZA,50010
SARRIA,LUGO,27600
BECERREA,LUGO,27640
MIAJADAS,CACERES,10100
TRUJILLO,CACERES,10200
CACERES,CACERES,10001
RIBADEO,LUGO,27780
PERILLO (STA LEOCADIA),A CORU�A,15172
RIBEIRA (SANTA UXIA),A CORU�A,15960
VIGO,PONTEVEDRA,36213
GRANOLLERS,BARCELONA,8403
REUS,TARRAGONA,43203
TARRASA,BARCELONA,8226
MALLA,BARCELONA,8519
"HOSPITALET DE LLOBREGAT,L",BARCELONA,8907
MAHON,BALEARES,7714
SANT JULIA DE LORIA,EXTRANJERO,0
ORIHUELA COSTA,ALICANTE,3189
CAMARI�AS,A CORU�A,15123
ELCHE,ALICANTE,3207
VIMIANZO,A CORU�A,15129
MADRID,MADRID,28806
ALCALA DE HENARES,MADRID,28806
ALCORCON,MADRID,28924
ARROYOMOLINOS,MADRID,28922
GETAFE,MADRID,28903
RIVAS VACIAMADRID,MADRID,28521
SAN SEBASTIAN DE LOS REYES,MADRID,28701
"PALMAS DE GRAN CANARIA,LAS","PALMAS, LAS",35008
LOGRO�O,"RIOJA, LA",26006
ZAMORA,ZAMORA,49024
SORIA,SORIA,42004
RIVAS-VACIAMADRID,MADRID,28522
"SAN SEBASTIAN DE LOS REYES, INDUSTRIAL DE",MADRID,28709
ROZAS DE MADRID (LAS),MADRID,28232
CARBAJOSA DE LA SAGRADA,SALAMANCA,37188
"LAGUNA,LA",SANTA CRUZ DE TENERIFE,38296
ACORAN-SANTA CRUZ DE TENERIFE,SANTA CRUZ DE TENERIFE,38111
Vila-Real,CASTELLON,12540
Valencia,VALENCIA,46018
VITORIA,ALAVA,1003
ANOETA,GUIPUZCOA,20270
GALDAKAO,VIZCAYA,48960
MONDRAGON,GUIPUZCOA,20500
AVILES,ASTURIAS,33409
IRUN,GUIPUZCOA,20303
TAFALLA,NAVARRA,31300
GRANDA (SIERO),ASTURIAS,33199
MOTILLA DE PALANCAR,CUENCA,16200
Viladecans,BARCELONA,8000
VIGO,PONTEVEDRA,36206
VIGO,PONTEVEDRA,0
VIGO,PONTEVEDRA,36203
Santander,CANTABRIA,39001
BARREIROS,LUGO,27790
PUENTENUEVO,LUGO,27720
LORENZANA,LUGO,27760
GUITIRIZ,LUGO,27300
AlZIRA,VALENCIA,46600
PEDROLA,ZARAGOZA,50690
MUSEROS,VALENCIA,46136
MALAGA,MALAGA,29001
GIJON,ASTURIAS,33530
GIJON,ASTURIAS,33820
GIJON,ASTURIAS,33002
GIJON,ASTURIAS,33150
GIJON,ASTURIAS,33210
VITIGUDINO,SALAMANCA,37210
FARO,EXTRANJERO,8000
MUROS,A CORU�A,15250
ORDES,A CORU�A,15680
ARRIONDAS,ASTURIAS,33204
CASTELLON DE LA PLANA,CASTELLON,12006
CANET D EN BERENGUER,VALENCIA,46529
CARRION DE LOS CONDES,PALENCIA,34120
MAYORGA,VALLADOLID,47680
LAS PALMAS DE G.C.,"PALMAS, LAS",35010
OVAR,EXTRANJERO,99999
CORU�A,A CORU�A,15008
AVEIRO,EXTRANJERO,3800
S.M� DEL AGUILA-EL EJIDO,ALMERIA,4710
UBEDA,JAEN,23400
SEVILLA,SEVILLA,41015
AVILES,ASTURIAS,33011
AVILES,ASTURIAS,33420
AVILES,ASTURIAS,33012
AVILES,ASTURIAS,33208
AVILES,ASTURIAS,33402
Alpicat,LLEIDA,25110
PUENTE DEL R�O-ADRA,ALMERIA,4779
BARCELONA ZONA FRANCA,BARCELONA,8038
SAN ROMAN DE LOS MONTES,TOLEDO,45646
OLVEGA,SORIA,42110
CHANTADA,LUGO,0
LA CABRERA,MADRID,28750
LEON,LEON,24005
VITORIA - GASTEIZ,ALAVA,1013
OIARTZUN,GUIPUZCOA,1387
VARA DE QUART,VALENCIA,46014
LA CORU�A,A CORU�A,15011
LLEIDA,LLEIDA,25198
LA FELGUERA,ASTURIAS,33205
EL ENTREGO,ASTURIAS,33011
PAMPLONA (Iru�a),NAVARRA,31013
MURCIA,MURCIA,30012
OVIEDO,ASTURIAS,33930
OVIEDO,ASTURIAS,33180
OVIEDO,ASTURIAS,33210
OVIEDO,ASTURIAS,33205
CASTELL�N,CASTELLON,12005
S. BAUDILIO LLOBREGAT,BARCELONA,8830
MARBELLA,MALAGA,29602
Sevilla,SEVILLA,41018
Palma de Mallorca,BALEARES,7004
Palma de Mallorca,BALEARES,7141
ZAMORA,ZAMORA,49007
RIBAFORADA,NAVARRA,31550
CINTRUENIGO,NAVARRA,31592
VILLAFRANCA DE NAVARRA,NAVARRA,31592
MURCHANTE,NAVARRA,21521
AZAGRA,NAVARRA,31560
MENDAVIA,NAVARRA,31578
MONACHIL,GRANADA,18193
VEGAS DEL GENIL,GRANADA,18101
CALA MILLOR,BALEARES,7560
BARCELONA,BARCELONA,8033
LUARCA,ASTURIAS,33401
LUARCA,ASTURIAS,33011
S.J. LA ARENA,ASTURIAS,33013
CORVERA,ASTURIAS,33440
CANDAS,ASTURIAS,33600
LUANCO,ASTURIAS,33510
LUANCO,ASTURIAS,33401
L'Hospitalet de Llobregat,BARCELONA,8000
GATA DE GORGOS,ALICANTE,3740
Bilbao,VIZCAYA,48000
LEGAN�S,MADRID,28911
PRATS DEL LLU�AN�S,BARCELONA,8513
ALBOX,ALMERIA,4800
Barcelona,BARCELONA,8011
Bellaterra (Cerdanyola),BARCELONA,8290
Tarragona,TARRAGONA,43002
St. Cugat del Vall�s,BARCELONA,8172
Barcelona,BARCELONA,8008
Reus,TARRAGONA,43202
Palma de Mallorca,BALEARES,7012
Granollers,BARCELONA,8401
Esplugues del Llobregat,BARCELONA,8950
Vilafranca del Pend�s,BARCELONA,8720
Barcelona,BARCELONA,8040
Manresa,BARCELONA,8241
La Jonquera,GIRONA,17700
M�LAGA,MALAGA,29008
MIJAS PUEBLO,MALAGA,29650
CHURRIANA,MALAGA,29140
SAN PEDRO DE ALCANTARA,MALAGA,29670
MIJAS,MALAGA,29651
St. Vicente del Raspeig,ALICANTE,3690
Castello de la Plana,CASTELLON,12004
Castell�n,VALENCIA,12006
Valencia,VALENCIA,46022
Barcelona,BARCELONA,8038
PALMANOVA,BALEARES,7181
Alicante,ALICANTE,3000
Hospitalet de Llobregat,BARCELONA,8905
Barcelona,BARCELONA,8033
C�DIZ,CADIZ,11500
PUERTO REAL,CADIZ,11510
PUERTO DE SANTA MAR�A,CADIZ,11500
SANL�CAR DE BARRAMEDA,CADIZ,11540
Valladolid,VALLADOLID,47195
IRUN,GUIPUZCOA,20305
SAN SEBASTIAN,GUIPUZCOA,20003
CASTELL�N,CASTELLON,12002
SIERO,ASTURIAS,33013
COLLOTO,ASTURIAS,33211
ROQUETES,TARRAGONA,43250
GIRONA,GIRONA,17007
PLATJA D'ARO,GIRONA,17250
TERRASSA,BARCELONA,8226
"PALMAS DE GRAN CANARIA,LAS","PALMAS, LAS",35014
Barjas,MADRID,28000
PLAYA DE LAS AMERICAS - TENERIFE,SANTA CRUZ DE TENERIFE,38660
ADEJE - TENERIFE,SANTA CRUZ DE TENERIFE,38660
MELONERAS - GRAN CANARIAS,"PALMAS, LAS",35100
GIRONA,GIRONA,17004
BARCELONA,BARCELONA,8911
Denia,ALICANTE,3700
Murcia,MURCIA,30008
Murcia,MURCIA,30002
El Palmar,MURCIA,30120
Puerto Rico,"PALMAS, LAS",35130
Colindres,CANTABRIA,39750
Tarragona,TARRAGONA,43003
Sant Joan de Vilatorrada,BARCELONA,8250
Inca,BALEARES,7300
Orense,ORENSE,32003
MONTANEJOS,CASTELLON,12448
ANDORRA DE TERUEL,TERUEL,44500
Requena,VALENCIA,46340
Puerto de Sagunto,VALENCIA,46520
Canals,VALENCIA,46650
Vall de Ux�,CASTELLON,12600
Calella,BARCELONA,8370
Lleida,LLEIDA,25193
EL SAUCEJO,SEVILLA,41650
"San Isidro, Granadilla de Abona",SANTA CRUZ DE TENERIFE,38611
Madrid,MADRID,28007
VITORIA GASTEIZ,ALAVA,1006
SANTANDER,CANTABRIA,39002
VALEN�A,EXTRANJERO,99000
PORTO,EXTRANJERO,99000
LISBOA,EXTRANJERO,99000
"Lisbon, 1250-140",EXTRANJERO,99000
Barcelona,BARCELONA,8020
Barcelona,BARCELONA,8041
VENTAS DE ZAFARRAYA,GRANADA,18125
ATARFE,GRANADA,18230
VALL D'UX�,CASTELLON,12600
GALDAKAOS,VIZCAYA,48960
Sevilla,SEVILLA,41004
Sabadelll,BARCELONA,8201
Valencia,VALENCIA,46000
LA MANGA DEL MAR MENOR,MURCIA,30380
PE�ISCOLA,CASTELLON,12598
SANTA PERPETUA DE MOGODA,BARCELONA,8130
L'HOSPITALET LLOBREGAT,BARCELONA,8920
LA JONQUERA,GIRONA,17700
EMPURIABRAVA,GIRONA,17487
Alcoc�ber,CASTELLON,12579
CORDOBA,CORDOBA,14004
REALEJOS (LOS) (DISEMINADO),SANTA CRUZ DE TENERIFE,38410
Almer�a,ALMERIA,4006
Badajoz,BADAJOZ,6008
M�laga,MALAGA,29007
Rinc�n de la Victoria,MALAGA,29730
Sanl�car la Mayor,SEVILLA,41800
Tarragona,TARRAGONA,43006
Molins de Rei,BARCELONA,8750
Orihuela Costa,ALICANTE,3189
VIZCAYA,VIZCAYA,48960
LLANERA,ASTURIAS,33690
POSADA LLANERA,ASTURIAS,33213
El Ferrol,A CORU�A,15402
A coru�a,A CORU�A,15001
Madridejos,TOLEDO,45710
Badalona,BARCELONA,8912
Alcazar de San Juan,CIUDAD REAL,13600
MIAMI PLATJA,TARRAGONA,43892
ST.HIP�LIT VOLTREG�,BARCELONA,8512
TONA,BARCELONA,8551
TORELL�,BARCELONA,8570
TORDERA,BARCELONA,8339
MOLLET VALL�S,BARCELONA,8100
PALAU DE PLEGAMANS,BARCELONA,8184
MA�ANET,GIRONA,17412
HOSTALRIC,GIRONA,17450
ARB�CIES,GIRONA,17401
LLAGOSTERA,GIRONA,17240
ST.JOAN VILATORRADA,BARCELONA,8250
ALCANAR,TARRAGONA,43530
ST.HILARI SACALM,GIRONA,17403
L'ESCALA,GIRONA,17130
RODA DE BAR�,TARRAGONA,43833
RODA DE TER,BARCELONA,8510
PALLEJ�,BARCELONA,8780
CUNIT,TARRAGONA,43881
DELTEBRE,TARRAGONA,43580
SANT ANTONI DE CALONGE,GIRONA,17251
SURIA,BARCELONA,8260
ALCARR�S,LLEIDA,25180
FLIX,TARRAGONA,43750
ST.SADURN� D'ANOIA,BARCELONA,8770
COLLBAT�,BARCELONA,8293
TARADELL,BARCELONA,8552
ST.CELONI,BARCELONA,8470
CERVELL�,BARCELONA,8758
LA BISBAL,GIRONA,17100
TARRAGONA,TARRAGONA,43130
PUIG-REIG,BARCELONA,8692
SANT ADRI� BES�S,BARCELONA,8930
CENTELLES,BARCELONA,8540
ST.PERE PESCADOR,GIRONA,17470
A CORU�A,A CORU�A,15011
DONOSTI,GUIPUZCOA,20017
BARAKALDO-VIZCAYA,VIZCAYA,48903
BILBAO - VIZCAYA,VIZCAYA,48005
ZARAGOZA,ZARAGOZA,50005
LEGAN�S-MADRID,MADRID,28916
COLMENAR VIEJO MADRID,MADRID,28770
VALLECAS   MADRID,MADRID,28051
ZARAGOZA PLATAFORMA LOGISTICA,ZARAGOZA,50197
MADRID,MADRID,28222
ARROYO DE LA ENCOMIENDA,MADRID,47195
ZARAGOZA,ZARAGOZA,50019
GETAFE -MADRID,MADRID,28902
MADRID,MADRID,28939
S.S. REYES - MADRID,MADRID,28700
GOLMAYO-SORIA,SORIA,42190
PALMA MALLORCA,BALEARES,7005
TENERIFE -  LA OROTAVA,SANTA CRUZ DE TENERIFE,38300
PAMPLONA,NAVARRA,31008
LA CALA DEL MORAL,MALAGA,29720
MALAGA - FUENGIROLA,MALAGA,29640
MONTMEL�,BARCELONA,8160
LLI�� D'AMUNT,BARCELONA,8186
CADIZ,CADIZ,11006
Coria,CACERES,10800
Isla Cristina,HUELVA,21410
Lleida,LLEIDA,25008
PALMA,BALEARES,17010
Zaragoza,ZARAGOZA,50018
SALLENT,BARCELONA,8650
SANTA FAZ,ALICANTE,3559
SAN JUAN DE ALICANTE,ALICANTE,3550
DEHESA DE CAMPOAMOR,ALICANTE,3189
CALPE/CALP,ALICANTE,3710
BENISSA,ALICANTE,3720
MURCIA,MURCIA,30010
FUENTE ALAMO,MURCIA,30320
LAS TORRES DE COTILLAS,MURCIA,30565
CREVILLENT,ALICANTE,3330
ELCHE,ALICANTE,3206
"PALMA, LA",MURCIA,30593
GONDOMAR,PONTEVEDRA,36380
"GUARDA, A",PONTEVEDRA,36780
MONDO�EDO (CASCO URBANO),LUGO,27740
ATIOS (SANTA EULALIA),PONTEVEDRA,36408
"PONTES DE GARCIA RODRIGUEZ, AS",A CORU�A,15320
NOIA,A CORU�A,15210
"CORU�A, LA",A CORU�A,15008
BUEU,PONTEVEDRA,36939
PONTEAREAS (SAN MIGUEL),PONTEVEDRA,36860
AMES,A CORU�A,15220
RIBADEO (CASCO URBANO),LUGO,27700
BERGONDO,A CORU�A,15640
ORDES (ORDES),A CORU�A,15680
"REGUEIRO, O (ESTRADA, A)",PONTEVEDRA,36689
VIGO,PONTEVEDRA,36318
VILLAGARCIA DE AROSA,PONTEVEDRA,36619
PONTEVEDRA,PONTEVEDRA,36004
CORU�A (A),A CORU�A,15009
CARRAL,A CORU�A,15175
CORU�A (A),A CORU�A,15008
ARZUA,A CORU�A,15810
SANTIAGO DE COMPOSTELA,A CORU�A,15820
VILALBA,LUGO,27800
ESTRADA (A),PONTEVEDRA,36680
REDONDELA,PONTEVEDRA,36693
VICTORIA DE ACENTEJO (LA),SANTA CRUZ DE TENERIFE,38380
"OROTAVA, LA",SANTA CRUZ DE TENERIFE,38300
SAN MIGUEL DE ABONA,SANTA CRUZ DE TENERIFE,38300
NIEBLA,HUELVA,21840
GERONA,GIRONA,17005
LERIDA,LLEIDA,25001
L'HOSPITALET DE LLOBREGAT,BARCELONA,8907
"PRAT DE LLOBREGAT, EL",BARCELONA,8820
POBLA (SA),BALEARES,7420
SANTA MARGALIDA,BALEARES,7450
Vilafranca del Pened�s,BARCELONA,8720
AIGUAFREDA,BARCELONA,8591
SANT ESTEVE SESROVIRES,BARCELONA,8635
SANTA EULALIA DE RON�ANA,BARCELONA,8187
SANTA LLOGAIA D'ALGUEMA,GIRONA,17771
PORQUERES,GIRONA,17834
TARREGA,LLEIDA,25300
SEU D'URGELL (LA),LLEIDA,25700
CIUTADELLA DE MENORCA,BALEARES,7760
VENDRELL (EL),TARRAGONA,43700
SANTURTZI,VIZCAYA,48980
VILASECA- SALOU,TARRAGONA,43840
RODA (LA),ALBACETE,2630
SAN MARTIN DEL REY AURELIO,ASTURIAS,33947
GRANDA-SIERO,ASTURIAS,33199
VILLARREAL DE LOS INFANTES,CASTELLON,12540
"BA�EZA, LA",LEON,24750
BURRIANA,CASTELLON,12350
VALL D'UIXO (LA),CASTELLON,12600
FUENTES NUEVAS,LEON,24411
ZARAGOZA,ZARAGOZA,50003
ZARAGOZA,ZARAGOZA,50002
JARANDILLA DE LA VERA,CACERES,10450
ROZAS DE MADRID (LAS),MADRID,28231
LEGANES,MADRID,28918
Coslada,MADRID,28823
ARAVACA-MADRID,MADRID,28023
Mostoles,MADRID,28936
HUMANES DE MADRID,MADRID,28970
CANTALEJO,SEGOVIA,40320
SORIA,SORIA,42005
PUEBLA DE MONTALBAN (LA),TOLEDO,45516
POLAN,TOLEDO,45161
VALMOJADO,TOLEDO,45940
VALLADOLID / ZARATAN,VALLADOLID,47610
ISCAR,VALLADOLID,47420
VALLADOLID,VALLADOLID,47011
Zamora,ZAMORA,49024
ALDEHUELA DE LA BOVEDA,SALAMANCA,37460
ALMAZAN,SORIA,42200
Rozas de Madrid (Las),MADRID,28232
ARGANDA DEL REY,MADRID,28500
BURGOS,BURGOS,9005
MADRID,MADRID,28055
MONTEHERMOSO,CACERES,10810
SAN LORENZO DE EL ESCORIAL,MADRID,28200
MOSTOLES,MADRID,28936
MOSTOLES,MADRID,28933
TARANCON,CUENCA,16400
PARACUELLOS DE JARAMA,MADRID,28860
VALDEMORO,MADRID,28342
ARGAMASILLA DE CALATRAVA,CIUDAD REAL,13440
PTO.DE SAGUNTO,VALENCIA,46520
PALMERA,VALENCIA,46714
BETERA,VALENCIA,46117
SABI�ANIGO,HUESCA,22609
LANGREO,ASTURIAS,33920
LUANCO,ASTURIAS,33440
TERUEL,TERUEL,44002
Elche,ALICANTE,3203
AGUIMES,"PALMAS, LAS",35118
BILBAO,VIZCAYA,48006
SERANTES-TAPIA DE CASARIEGO,ASTURIAS,33749
IURRETA,VIZCAYA,48215
LERIDA,LLEIDA,25004
ANTAS,ALMERIA,4628
CHICLANA DE LA FRONTERA,CADIZ,11130
EL PUERTO DE SANTA MARIA,CADIZ,11500
MONTALBAN DE CORDOBA,CORDOBA,14548
PRIEGO DE CORDOBA,CORDOBA,14800
FERNAN NU�EZ,CORDOBA,14520
ALCALA LA REAL,JAEN,23680
ALHAURIN EL GRANDE,MALAGA,29120
BOLLULLOS DE LA MITACION,SEVILLA,41110
VITORIA-GASTEIZ,ALAVA,1012
TREMP,LLEIDA,25620
TAPIA DE CASARIEGO,ASTURIAS,33747
CASTA�EDA,CANTABRIA,39650
MATAMOROSA,CANTABRIA,39200
SAN SEBASTIAN,GUIPUZCOA,20013
ST. VICEN� DE CASTELLET,BARCELONA,8295
CAMPRODON,GIRONA,17867
STA.CRISTINA D'ARO,GIRONA,17246
PIERA,BARCELONA,8784
MORA LA NOVA,TARRAGONA,43770
ST.FELIU GU�XOLS,GIRONA,17220
VINYOLS I ELS ARCS,TARRAGONA,43391
San Bartolom�,"PALMAS, LAS",35509
VILASECA- SALOU,TARRAGONA,43860
La Jonquera,GIRONA,17185
Gij�n,ASTURIAS,33212
ALDAIA - VALENCIA,VALENCIA,46960
PALENCIA,PALENCIA,34005
Vilafranca,BARCELONA,8720
Terrassa,BARCELONA,8221
MOLLET,BARCELONA,8100
STA COLOMA,BARCELONA,8922
SANT CUGAT,BARCELONA,8190
ELCHE-ALICANTE,ALICANTE,3201
ALCOY- ALICANTE,ALICANTE,3802
Cartagena,MURCIA,30353
Alicante,ALICANTE,3001
Alcoy,ALICANTE,3803
Alicante,ALICANTE,3016
San Vicente del Raspeig,ALICANTE,3690
PALMA DE MALLORCA,BALEARES,7001
Zeneta,MURCIA,30588
Alicante,ALICANTE,3004
Alicante,ALICANTE,3013
Toledo,TOLEDO,45280
LINEA DE LA CONCEPCION (LA),CADIZ,11300
C�RDOBA,CORDOBA,14004
MALAGA,MALAGA,29014
CASARABONELA,MALAGA,29566
Marbella,MALAGA,29603
BRENES,SEVILLA,41310
LORA DEL RIO,SEVILLA,41440
Dos Hermanas,SEVILLA,41702
CANTILLANA,SEVILLA,41320
Toledo,TOLEDO,45004
EJIDO (EL),ALMERIA,4700
CUEVAS DE ALMANZORA,ALMERIA,4610
BENAHADUX,ALMERIA,4410
TAVERNES DE VALDIGNA,VALENCIA,46760
Esparraguera,BARCELONA,8292
ALLARIZ,ORENSE,32660
London,EXTRANJERO,99999
Porto,EXTRANJERO,99000
Culleredo,A CORU�A,15679
VALENCIA,VALENCIA,46700
VALENCIA,VALENCIA,46600
LA RIOJA,"RIOJA, LA",26001
MADRID,MADRID,28230
PALMA GRAN CANARIA,"PALMAS, LAS",35200
OVIEDO,ASTURIAS,33025
CANTABRIA,CANTABRIA,39002
LE�N,LEON,24004
GUIPUZCOA,GUIPUZCOA,20005
ASTURIAS,ASTURIAS,33206
VIZCAYA,VIZCAYA,48011
VITORIA,ALAVA,1005
LA FELGUERA,ASTURIAS,33490
El Ferrol- A Coru�a,A CORU�A,15403
C�diz,CADIZ,11001
La Rinconada,SEVILLA,41300
M�LAGA,MALAGA,29600
Majadahonda,MADRID,28000
Palma de Mallorca,BALEARES,7611
Pola de Laviana,ASTURIAS,33000
El Entrego,ASTURIAS,33000
La Felguera,ASTURIAS,33000
Tunel del Cad�,GIRONA,17185
Avil�s,ASTURIAS,33000
Pola de Lena,ASTURIAS,33000
Mieres,ASTURIAS,33000
Posada de Llanera,ASTURIAS,33000
GIJON,ASTURIAS,33206
Sama de Langreo,ASTURIAS,33000
Langreo,ASTURIAS,33000
Villaca�as,TOLEDO,45860
Lleida,LLEIDA,25194
Castelldefels,BARCELONA,8860
Lugones,ASTURIAS,33000
BIN�FAR,HUESCA,22500
CASPE,ZARAGOZA,50700
Esparreguera,BARCELONA,8292
OYARZUN,GUIPUZCOA,20180
HONDARRIBIA,GUIPUZCOA,20280
ABADINO,VIZCAYA,48220
AVILES,ASTURIAS,33400
BILBAO,VIZCAYA,48003
TRASONA,ASTURIAS,33468
SAN SEBASTIAN,GUIPUZCOA,20001
GORBEIA ZIGOITA,ALAVA,1138
ZALLA,VIZCAYA,48860
Cieza,MURCIA,30530
VILLAGARCIA DE AROUSA,PONTEVEDRA,36600
SANTIAGO DE COMPOSTELA,A CORU�A,15707
SANTIAGO DE COMPOSTELA,A CORU�A,15704
CIUDAD REAL,CIUDAD REAL,13002
ALCAL� DE HENARES,MADRID,28802
VILLAVERDE,MADRID,28041
MADRID,MADRID,28770
SS DE LOS REYES,MADRID,28700
LEGANES,MADRID,28910
VILA-REAL/VILLARREAL,CASTELLON,12540
VALENCIA,VALENCIA,46183
ALCA�IZ,TERUEL,44003
ONTINYENT,VALENCIA,46870
MASSALFASSAR,VALENCIA,46560
GRANOLLERS,BARCELONA,8402
ST.FRUITOS,BARCELONA,8272
LA BISBAL DE L'EMPORDA,GIRONA,17100
SAN CARLES DE LA RAPITA,TARRAGONA,43540
SAN PERE DE RIBES,BARCELONA,8812
STA SUSANNA,BARCELONA,8398
STA COLOMA GRAMANET,BARCELONA,8921
VILATENIM,GIRONA,17487
A CORUNA,A CORU�A,15008
SANT PERE DE RIBES,BARCELONA,8810
"HOSPITALET, L'",BARCELONA,8901
SANTA CRUZ,SANTA CRUZ DE TENERIFE,38110
Jerez De La Frontera,CADIZ,11402
LAS PALMAS DE G.C.,"PALMAS, LAS",35011
Salvatierra-Agurain,ALAVA,1200
Vitoria-Gasteiz,ALAVA,1010
Vitoria-Gasteiz,ALAVA,1001
Vitoria-Gasteiz,ALAVA,1008
Miranda De Ebro,BURGOS,9200
Almu�ecar,GRANADA,18690
Legan�s,MADRID,28911
PONFERRADA,LEON,24410
LEON,LEON,24009
PAMPLONA,NAVARRA,31012
CORDOVILLA (PAMPLONA),NAVARRA,31191
TROBAJO DEL CAMPO,LEON,24010
SAN ROQUE,BADAJOZ,6009
LOS BARRIOS,CADIZ,11379
GRANADA,GRANADA,18002
HUELVA,HUELVA,21410
Medina de Pomar,BURGOS,9500
Castro Urdiales,CANTABRIA,39700
Bilbao,VIZCAYA,48011
Galdakao,VIZCAYA,48960
Llodio,ALAVA,1400
Las Arenas,VIZCAYA,48930
Ermua,VIZCAYA,48260
Hernani,GUIPUZCOA,20120
Zarauz,GUIPUZCOA,20800
Donostia-San Sebastian,GUIPUZCOA,20005
Donostia-San Sebastian,GUIPUZCOA,20001
Zumarraga,GUIPUZCOA,20700
Pamplona,NAVARRA,31014
Pamplona,NAVARRA,31007
Tafalla,NAVARRA,31300
Estella,NAVARRA,31200
Burlada,NAVARRA,31600
Arrasate-Mondragon,GUIPUZCOA,20500
Donostia-San Sebastian,GUIPUZCOA,20011
Donostia-San Sebastian,GUIPUZCOA,20012
Elgoibar,GUIPUZCOA,20870
Donostia-San Sebastian,GUIPUZCOA,20003
Pamplona,NAVARRA,31013
Pamplona,NAVARRA,31011
Barakaldo,VIZCAYA,48901
BARCELONA,BARCELONA,8402
Logro�o,"RIOJA, LA",26001
Zamora,ZAMORA,49023
Valladolid,VALLADOLID,47002
HOSPITALET,BARCELONA,8906
EL PRAT,BARCELONA,8820
MONTCADA-REIXAC,BARCELONA,8110
HOSPITALET,BARCELONA,8908
BARBER� VALL�S,BARCELONA,8210
CANDELARIA,SANTA CRUZ DE TENERIFE,38003
A CORU�A,A CORU�A,15000
Cornell�,BARCELONA,28000
VALLADOLID,VALLADOLID,47016
BARAKALDO,VIZCAYA,48900
POLOP,ALICANTE,3520
St Cugat del Vall�s,BARCELONA,8174
S.Andres la Barca,BARCELONA,8740
PAMPLONA O IRU�A,NAVARRA,31007
SANTA CRUZ DE TENERIFE,SANTA CRUZ DE TENERIFE,38001
Badalona,BARCELONA,8000
MATADEPERA,BARCELONA,8230
Sevilla,SEVILLA,41011
Cubelles,BARCELONA,8100
CHIRIVELLA,VALENCIA,46950
MONTORN�S DEL VALL�S,BARCELONA,8170
LA PINEDA,TARRAGONA,43481
LLORET DEL MAR,GIRONA,17310
ZARAGOZA,ZARAGOZA,50006
Platja D�Aro,BARCELONA,17250
BILBAO,VIZCAYA,48009
SAN JUAN,ALICANTE,3540
PLAYA DEL ARENAL (JAVEA),ALICANTE,3730
Sant Sadurn� d�Anoia,BARCELONA,80
Vilanova i la Geltr�,BARCELONA,80
GANDIA,VALENCIA,46780
Calera y Chozas,TOLEDO,45686
Azuqueca de Henares,GUADALAJARA,19200
Arucas,"PALMAS, LAS",35400
Taco-La Laguna.,"PALMAS, LAS",38108
Barcelona,BARCELONA,8009
Barcelona,BARCELONA,8037
Zaragoza,ZARAGOZA,50070
Salamanca,SALAMANCA,28000
Sevilla,SEVILLA,41003
Lugones-Siero,ASTURIAS,33429
Muriedas-Camargo,CANTABRIA,39600
Beasain,GUIPUZCOA,20200
Burela,LUGO,27880
La Guardia,PONTEVEDRA,36780
Vigo,PONTEVEDRA,36207
Cangas De Morrazo,PONTEVEDRA,36940
CUDILLERO,ASTURIAS,33159
ROQUETES,TARRAGONA,43520
PINEDA DE MAR,BARCELONA,8397
Barcelona,BARCELONA,8026
�LAVA,ALAVA,1013
LAS PALMAS DE GRAN CANARIAS,"PALMAS, LAS",35007
AZNALFARACHE,SEVILLA,41920
CAUDETE,ALBACETE,2660
BENIGANIN,VALENCIA,46830
ANNA,VALENCIA,46870
TENERIFE,SANTA CRUZ DE TENERIFE,38003
PU�OL,VALENCIA,46530
Girona,GIRONA,17000
TORREBLANCA,CASTELLON,12000
LEGAN�S,MADRID,28919
LLEIDA,LLEIDA,25194
Barcelona,BARCELONA,8430
L'Hospitalet de Llobregat,BARCELONA,8908
Ibiza,BALEARES,7800
Palma de Mallorca,BALEARES,7015
Palma de Mallorca,BALEARES,7001
Tenerife,SANTA CRUZ DE TENERIFE,38005
San Vicente de Barakaldo.,VIZCAYA,48903
Pamplona,NAVARRA,31192
Vitoria,ALAVA,1005
Lejona,VIZCAYA,48940
Siero,ASTURIAS,33429
A Coru�a,A CORU�A,15004
BARCELONA,BARCELONA,80
San Sebasti�n de los Reyes,MADRID,28702
Sant Feli� de Llobregat,BARCELONA,8980
Sanl�car de Barrameda,CADIZ,11540
Fuengirola,MALAGA,29640
Sevilla (La Rinconada),SEVILLA,41309
Menorca,BALEARES,7701
Barcelona,BARCELONA,8023
HOSPITALET DE LLOBREGAT,BARCELONA,8906
Ir�n,GUIPUZCOA,20301
Sant Lloren� des Cardassar,BALEARES,7530
La �ora,MURCIA,30830
Villablino,LEON,44100
Girona,GIRONA,17185
Cadaqu�s,GIRONA,17489
Esplugues de Llobregat,BARCELONA,8950
Platja d�Aro,GIRONA,17250
Castellar del Vall�s,BARCELONA,8211
Sant Antoni,BALEARES,7820
Las Palmas de Gran Canaria,"PALMAS, LAS",35007
Las Palmas de Gran Canaria,"PALMAS, LAS",35003
Getxo (Bizkaia),VIZCAYA,48930
Las Caletillas,SANTA CRUZ DE TENERIFE,38520
ILLORA,GRANADA,18260
ANDORRA,TERUEL,44500
BILBAO,VIZCAYA,48014
SAN SEBASTIAN,GUIPUZCOA,20014
Lisboa,EXTRANJERO,0
Porto,EXTRANJERO,0
Algarve,EXTRANJERO,0
Aveiro,EXTRANJERO,0
Vasco de Gama,EXTRANJERO,0
Coimbra,EXTRANJERO,0
Matosinhos-Oporto,EXTRANJERO,0
Viseu,EXTRANJERO,0
Funchal,EXTRANJERO,0
Oporto,EXTRANJERO,0
Tejo,EXTRANJERO,0
Guimaraes,EXTRANJERO,0
Prague,EXTRANJERO,0
Belfast,EXTRANJERO,0
London,EXTRANJERO,0
PARQUE SUR,MADRID,28916
El PLANT�O,MADRID,28023
Warszawa,EXTRANJERO,0
Lubon,EXTRANJERO,0
Warsawa,EXTRANJERO,0
Krakow�,EXTRANJERO,0
Blanes,GIRONA,17300
Girona,GIRONA,17001
Elche,ALICANTE,3202
Budapest,EXTRANJERO,0
Gyor,EXTRANJERO,0
Debrecen,EXTRANJERO,0
Biatorb�gy,EXTRANJERO,0
Polg�r,EXTRANJERO,0
Sevilla,SEVILLA,41009
Nueva Andaluc�a,MALAGA,29660
Paris,EXTRANJERO,0
L�ille,EXTRANJERO,0
"LIEUSAINT CEDEX, PARIS",EXTRANJERO,0
Bordeaux,EXTRANJERO,0
Roppenheim,EXTRANJERO,0
Troyes,EXTRANJERO,0
,VIZCAYA,48000
La Coru�a,A CORU�A,15003
Pamplona,NAVARRA,31001
Oberhausen,EXTRANJERO,0
Berlin,EXTRANJERO,0
Frankfurt,EXTRANJERO,0
K�ln,EXTRANJERO,0
Hamburg,EXTRANJERO,0
Ingoldstadt,EXTRANJERO,0
Wertheim,EXTRANJERO,0
Arona,SANTA CRUZ DE TENERIFE,38660
ABADIN,LUGO,27730
SANGUI�EDA,PONTEVEDRA,36419
SALVATERRA DE MI�O,PONTEVEDRA,36459
GONDOMAR,PONTEVEDRA,36388
ROSAL (O),PONTEVEDRA,36770
DUMBRIA,A CORU�A,15151
Amposta,TARRAGONA,43000
Deltebre,TARRAGONA,43000
Roquetes,TARRAGONA,43000
Vilaseca - Salou,TARRAGONA,43840
Braga,EXTRANJERO,0
Leiria,EXTRANJERO,0
Lisboa (Vila Franca de Xira),EXTRANJERO,0
Matosinhos,EXTRANJERO,0
AZKOITIA,GUIPUZCOA,20720
Esparreguera,BARCELONA,8000
Olesa de Montserrat,BARCELONA,8000
Castelldefels,BARCELONA,8000
HINOJOS,HUELVA,21740
Viana,NAVARRA,50000
Amsterdam,EXTRANJERO,0
Lelystad,EXTRANJERO,0
Burriana,CASTELLON,12530
Palma de Mallorca,BALEARES,7003
El Vendrell,TARRAGONA,43000
Tarragona,TARRAGONA,43000
La Corredoria,ASTURIAS,33011
Palma de Mallorca,BALEARES,7550
SANT FRUITOS DEL BAGES,BARCELONA,8272
Iniesta,CUENCA,16235
Ibiza,BALEARES,7817
Ibiza,BALEARES,7830
Cornella De Llobregat,BARCELONA,8940
Alcobendas y La Moraleja,MADRID,28100
Pozuelo de Alarcon,MADRID,28223
Getafe,MADRID,28905
Talavera De La Reina,TOLEDO,45600
Torrejon De Ardoz,MADRID,28850
Logrono,"RIOJA, LA",26006
Arroyo De La Encomienda,VALLADOLID,47195
Churra Cabezo De Torres,MURCIA,30110
Cartagena,MURCIA,30350
Castell�n de la Plana,CASTELLON,12006
Gandia (Valencia),VALENCIA,46701
Valencia,VALENCIA,46019
L'Eliana,VALENCIA,46183
C�diz,CADIZ,11010
La Coru�a,A CORU�A,15008
Nar�n,A CORU�A,15570
M�laga,MALAGA,29001
Velez Malaga,MALAGA,29700
Arteixo,A CORU�A,15142
Bertamirans,A CORU�A,15220
Betanzos,A CORU�A,15300
Milladoiro,A CORU�A,15220
Negreira,A CORU�A,15830
Noia,A CORU�A,15200
Padr�n,A CORU�A,15900
Sada,A CORU�A,15160
Chantada,LUGO,27500
Ver�n,ORENSE,32600
A Estrada,PONTEVEDRA,36680
Cambados,PONTEVEDRA,36630
Cangas,PONTEVEDRA,36940
Lal�n,PONTEVEDRA,36500
Mar�n,PONTEVEDRA,36900
San Xenxo,PONTEVEDRA,36960
Vilagarc�a de Arousa,PONTEVEDRA,36600
Benavente,ZAMORA,49002
Moj�car Playa,ALMERIA,4638
ALCARRAS,LLEIDA,25180
Aranda de Duero,BURGOS,9400
A CORU�A,A CORU�A,15004
A CORU�A,A CORU�A,15010
A CORU�A,A CORU�A,15007
CULLEREDO,A CORU�A,15189
AS PONTES,A CORU�A,15402
CAMBRE,A CORU�A,15660
A G�NDARA-NAR�N,A CORU�A,15478
VIVEIRO,LUGO,27850
FERROL,A CORU�A,15406
NAR�N,A CORU�A,15403
FENE,A CORU�A,15528
Ferrol,A CORU�A,15404
VIGO,PONTEVEDRA,36209
VIGO,PONTEVEDRA,36208
VIGO,PONTEVEDRA,36002
MOS-PORRI�O,PONTEVEDRA,36415
A GUARDA,PONTEVEDRA,36780
NIGRAN,PONTEVEDRA,36350
Le�n,LEON,24001
PATERNA (VALENCIA),VALENCIA,46980
LA L�NEA DE LA CONCEPCI�N,CADIZ,11300
LA LINEA,CADIZ,11300
ALGORTA,VIZCAYA,48990
BILBAO,VIZCAYA,48004
BILBAO,VIZCAYA,48007
Felanitx,BALEARES,7669
barco de valdeorras,ORENSE,32300
LEGANES,MADRID,28915
Rotterdam,EXTRANJERO,0
Puente Vallecas,MADRID,28038
SANT ANTONI DE VILAMAJOR,BARCELONA,8459
C�CERES,CACERES,10004
MADRO�ERA,CACERES,10120
TRUJILLO,CACERES,10290
MONZON,HUESCA,22400
Puerto Banus,MALAGA,29660
Zaragoza,ZARAGOZA,50017
Bollullos del Condado,HUELVA,21710
La Carlota,CORDOBA,14100
Allariz,ORENSE,32660
BONREPOS (VALENCIA),VALENCIA,46131
LLODIO,ALAVA,1300
RIBARROJA DE TURIA,VALENCIA,46190
Vitoria,ALAVA,1195
Segovia,MADRID,28000
L�RIDA,LLEIDA,25007
MALLORCA,BALEARES,7015
SANTANDER,CANTABRIA,39600
IR�N,GUIPUZCOA,20035
FUENTE EL SAZ DEL JARAMA,MADRID,28140
LOGROS�N,CACERES,10120
Ourense,ORENSE,32004
Ourense,ORENSE,32003
HOSPITALET,BARCELONA,8091
BADAJOZ,BADAJOZ,6005
V�LEZ,MALAGA,29649
SEVILLA,SEVILLA,41900
--,ALICANTE,3140
BARBATE,CADIZ,11160
Carabanchel,MADRID,28054
S.S. de los Reyes,MADRID,28700
Arroyo de la Encomienda,VALLADOLID,47014
San Sebasti�n,GUIPUZCOA,20014
San Sebasti�n,GUIPUZCOA,20017
O Barco,ORENSE,32300
Amposta,TARRAGONA,43870
ALCORCON,MADRID,28921
ALICANTE,ALICANTE,3004
VILLAVERDE,MADRID,28021
SANT BOI DE LL.,BARCELONA,8830
LAS PALMAS,"PALMAS, LAS",35005
San Crist�bal de La Laguna,SANTA CRUZ DE TENERIFE,38205
CADIZ,CADIZ,11004
CORDOBA,CORDOBA,14003
GRANADA,GRANADA,18009
MALAGA,MALAGA,29011
PORRERES (MALLORCA),BALEARES,7260
GODELLA,VALENCIA,46110
LA LAGUNA,SANTA CRUZ DE TENERIFE,38296
ARAFO,SANTA CRUZ DE TENERIFE,38380
REAL DE GANDIA,VALENCIA,46727
Santa Cruz de Tenerife,SANTA CRUZ DE TENERIFE,38003
Orihuela Costa,ALICANTE,3190
San Juan De Aznalfarache,SEVILLA,41920
PUERTO DE LA CRUZ,SANTA CRUZ DE TENERIFE,38000
ARAFO,SANTA CRUZ DE TENERIFE,38550
IRUN,GUIPUZCOA,20300
BERA,NAVARRA,31780
BERA  VERA DE BIDASOA,NAVARRA,31780
LA VALL D' UIXO,CASTELLON,12600
SANTA CRUZ DE TENERIFE,SANTA CRUZ DE TENERIFE,38000
USURBIL,GUIPUZCOA,20170
PRADO DEL REY,CADIZ,11660
PIZARRA,MALAGA,29560
PIZARRA,MALAGA,29000
MAIRENA DEL ALCOR,SEVILLA,41000
Laredo,CANTABRIA,39770
Bilbao,VIZCAYA,48013
Gald�cano,VIZCAYA,48960
